t_ms,raw,mv,val3,val4
469,0,0,0,0
469,4,5,0,0
470,16,17,0,0
471,0,0,0,0
472,3,4,0,0
473,0,0,0,0
474,10,11,0,0
475,2,3,0,0
476,0,0,0,0
477,6,7,0,0
478,8,9,0,0
479,6,7,0,0
480,0,0,0,0
481,9,10,0,0
482,6,7,0,0
483,0,0,0,0
484,1,0,0,0
485,0,0,0,0
486,2,3,0,0
487,8,9,0,0
488,8,9,0,0
489,1,0,0,0
490,9,10,0,0
491,7,8,0,0
492,3,4,0,0
493,2,3,0,0
494,14,15,0,0
495,6,7,0,0
496,4,5,0,0
497,3,4,0,0
498,0,0,0,0
499,0,0,0,0
500,7,8,0,0
501,1,0,0,0
502,9,10,0,0
503,0,0,0,0
504,10,11,0,0
505,1,0,0,0
506,0,0,0,0
507,3,4,0,0
508,5,6,0,0
509,4,5,0,0
510,4,5,0,0
511,10,11,0,0
512,3,4,0,0
513,2,3,0,0
514,9,10,0,0
515,1,0,0,0
516,6,7,0,0
517,11,12,0,0
518,0,0,0,0
519,4,5,0,0
520,7,8,0,0
521,2,3,0,0
522,0,0,0,0
523,1,0,0,0
524,0,0,0,0
525,6,7,0,0
526,3,4,0,0
527,1,0,0,0
528,0,0,0,0
529,10,11,0,0
530,4,5,0,0
531,9,10,0,0
532,4,5,0,0
533,3,4,0,0
534,5,6,0,0
535,2,3,0,0
536,5,6,0,0
537,0,0,0,0
538,0,0,0,0
539,1,0,0,0
540,2,3,0,0
541,9,10,0,0
542,8,9,0,0
543,9,10,0,0
544,3,4,0,0
545,2,3,0,0
546,5,6,0,0
547,10,11,0,0
548,4,5,0,0
549,3,4,0,0
550,9,10,0,0
551,1,0,0,0
552,7,8,0,0
553,5,6,0,0
554,0,0,0,0
555,3,4,0,0
556,4,5,0,0
557,9,10,0,0
558,1,0,0,0
559,9,10,0,0
560,1,0,0,0
561,3,4,0,0
562,4,5,0,0
563,1,0,0,0
564,0,0,0,0
565,10,11,0,0
566,0,0,0,0
567,3,4,0,0
568,2,3,0,0
569,7,8,0,0
570,9,10,0,0
571,2,3,0,0
572,0,0,0,0
573,8,9,0,0
574,6,7,0,0
575,2,3,0,0
576,12,13,0,0
577,4,5,0,0
578,2,3,0,0
579,0,0,0,0
580,13,14,0,0
581,3,4,0,0
582,1,0,0,0
583,5,6,0,0
584,0,0,0,0
585,8,9,0,0
586,2,3,0,0
587,4,5,0,0
588,1,0,0,0
589,3,4,0,0
590,6,7,0,0
591,5,6,0,0
592,0,0,0,0
593,6,7,0,0
594,6,7,0,0
595,9,10,0,0
596,11,12,0,0
597,4,5,0,0
598,2,3,0,0
599,15,16,0,0
600,6,7,0,0
601,0,0,0,0
602,1,0,0,0
603,11,12,0,0
604,2,3,0,0
605,3,4,0,0
606,3,4,0,0
607,0,0,0,0
608,3,4,0,0
609,6,7,0,0
610,7,8,0,0
611,0,0,0,0
612,9,10,0,0
613,3,4,0,0
614,11,12,0,0
615,4,5,0,0
616,3,4,0,0
617,1,0,0,0
618,10,11,0,0
619,0,0,0,0
620,2,3,0,0
621,7,8,0,0
622,0,0,0,0
623,2,3,0,0
624,7,8,0,0
625,10,11,0,0
626,0,0,0,0
627,9,10,0,0
628,3,4,0,0
629,6,7,0,0
630,2,3,0,0
631,15,16,0,0
632,1,0,0,0
633,11,12,0,0
634,4,5,0,0
635,4,5,0,0
636,7,8,0,0
637,13,14,0,0
638,4,5,0,0
639,0,0,0,0
640,3,4,0,0
641,0,0,0,0
642,2,3,0,0
643,0,0,0,0
644,5,6,0,0
645,5,6,0,0
646,0,0,0,0
647,6,7,0,0
648,3,4,0,0
649,3,4,0,0
650,1,0,0,0
651,11,12,0,0
652,2,3,0,0
653,0,0,0,0
654,13,14,0,0
655,0,0,0,0
656,6,7,0,0
657,8,9,0,0
658,4,5,0,0
659,4,5,0,0
660,3,4,0,0
661,0,0,0,0
662,5,6,0,0
663,10,11,0,0
664,2,3,0,0
665,13,14,0,0
666,6,7,0,0
667,6,7,0,0
668,0,0,0,0
669,7,8,0,0
670,4,5,0,0
671,7,8,0,0
672,1,0,0,0
673,9,10,0,0
674,2,3,0,0
675,1,0,0,0
676,6,7,0,0
677,8,9,0,0
678,0,0,0,0
679,1,0,0,0
680,3,4,0,0
681,6,7,0,0
682,6,7,0,0
683,9,10,0,0
684,4,5,0,0
685,3,4,0,0
686,7,8,0,0
687,0,0,0,0
688,7,8,0,0
689,6,7,0,0
690,4,5,0,0
691,1,0,0,0
692,5,6,0,0
693,0,0,0,0
694,3,4,0,0
695,0,0,0,0
696,1,0,0,0
697,2,3,0,0
698,0,0,0,0
699,6,7,0,0
700,0,0,0,0
701,1,0,0,0
702,6,7,0,0
703,6,7,0,0
704,7,8,0,0
705,6,7,0,0
706,2,3,0,0
707,2,3,0,0
708,12,13,0,0
709,0,0,0,0
710,3,4,0,0
711,0,0,0,0
712,0,0,0,0
713,3,4,0,0
714,5,6,0,0
715,6,7,0,0
716,7,8,0,0
717,1,0,0,0
718,3,4,0,0
719,0,0,0,0
720,10,11,0,0
721,7,8,0,0
722,3,4,0,0
723,1,0,0,0
724,9,10,0,0
725,5,6,0,0
726,10,11,0,0
727,1,0,0,0
728,6,7,0,0
729,2,3,0,0
730,0,0,0,0
731,2,3,0,0
732,3,4,0,0
733,3,4,0,0
734,2,3,0,0
735,1,0,0,0
736,11,12,0,0
737,0,0,0,0
738,9,10,0,0
739,14,15,0,0
740,6,7,0,0
741,2,3,0,0
742,0,0,0,0
743,0,0,0,0
744,5,6,0,0
745,9,10,0,0
746,0,0,0,0
747,6,7,0,0
748,5,6,0,0
749,20,21,0,0
750,9,10,0,0
751,0,0,0,0
752,2,3,0,0
753,4,5,0,0
754,2,3,0,0
755,3,4,0,0
756,3,4,0,0
757,5,6,0,0
758,4,5,0,0
759,5,6,0,0
760,2,3,0,0
761,3,4,0,0
762,11,12,0,0
763,2,3,0,0
764,3,4,0,0
765,6,7,0,0
766,0,0,0,0
767,7,8,0,0
768,0,0,0,0
769,6,7,0,0
770,1,0,0,0
771,5,6,0,0
772,2,3,0,0
773,2,3,0,0
774,5,6,0,0
775,0,0,0,0
776,1,0,0,0
777,1,0,0,0
778,5,6,0,0
779,10,11,0,0
780,8,9,0,0
781,3,4,0,0
782,5,6,0,0
783,6,7,0,0
784,7,8,0,0
785,1,0,0,0
786,6,7,0,0
787,4,5,0,0
788,4,5,0,0
789,2,3,0,0
790,0,0,0,0
791,6,7,0,0
792,6,7,0,0
793,0,0,0,0
794,0,0,0,0
795,8,9,0,0
796,4,5,0,0
797,2,3,0,0
798,7,8,0,0
799,0,0,0,0
800,3,4,0,0
801,5,6,0,0
802,1,0,0,0
803,12,13,0,0
804,7,8,0,0
805,0,0,0,0
806,3,4,0,0
807,9,10,0,0
808,14,15,0,0
809,2,3,0,0
810,6,7,0,0
811,3,4,0,0
812,0,0,0,0
813,4,5,0,0
814,3,4,0,0
815,4,5,0,0
816,6,7,0,0
817,6,7,0,0
818,1,0,0,0
819,5,6,0,0
820,10,11,0,0
821,5,6,0,0
822,6,7,0,0
823,8,9,0,0
824,6,7,0,0
825,1,0,0,0
826,3,4,0,0
827,1,0,0,0
828,0,0,0,0
829,2,3,0,0
830,1,0,0,0
831,3,4,0,0
832,7,8,0,0
833,4,5,0,0
834,0,0,0,0
835,1,0,0,0
836,8,9,0,0
837,1,0,0,0
838,1,0,0,0
839,6,7,0,0
840,16,17,0,0
841,5,6,0,0
842,1,0,0,0
843,4,5,0,0
844,3,4,0,0
845,6,7,0,0
846,7,8,0,0
847,7,8,0,0
848,0,0,0,0
849,0,0,0,0
850,1,0,0,0
851,6,7,0,0
852,3,4,0,0
853,1,0,0,0
854,0,0,0,0
855,5,6,0,0
856,0,0,0,0
857,2,3,0,0
858,10,11,0,0
859,3,4,0,0
860,7,8,0,0
861,3,4,0,0
862,13,14,0,0
863,1,0,0,0
864,4,5,0,0
865,0,0,0,0
866,10,11,0,0
867,1,0,0,0
868,0,0,0,0
869,6,7,0,0
870,3,4,0,0
871,6,7,0,0
872,1,0,0,0
873,6,7,0,0
874,0,0,0,0
875,0,0,0,0
876,6,7,0,0
877,6,7,0,0
878,6,7,0,0
879,10,11,0,0
880,0,0,0,0
881,1,0,0,0
882,5,6,0,0
883,1,0,0,0
884,13,14,0,0
885,10,11,0,0
886,0,0,0,0
887,5,6,0,0
888,6,7,0,0
889,9,10,0,0
890,2,3,0,0
891,0,0,0,0
892,0,0,0,0
893,1,0,0,0
894,5,6,0,0
895,4,5,0,0
896,0,0,0,0
897,11,12,0,0
898,4,5,0,0
899,10,11,0,0
900,9,10,0,0
901,5,6,0,0
902,8,9,0,0
903,0,0,0,0
904,8,9,0,0
905,0,0,0,0
906,0,0,0,0
907,0,0,0,0
908,3,4,0,0
909,2,3,0,0
910,7,8,0,0
911,5,6,0,0
912,5,6,0,0
913,10,11,0,0
914,2,3,0,0
915,1,0,0,0
916,5,6,0,0
917,9,10,0,0
918,3,4,0,0
919,9,10,0,0
920,6,7,0,0
921,0,0,0,0
922,9,10,0,0
923,8,9,0,0
924,5,6,0,0
925,9,10,0,0
926,0,0,0,0
927,14,15,0,0
928,6,7,0,0
929,9,10,0,0
930,13,14,0,0
931,9,10,0,0
932,8,9,0,0
933,1,0,0,0
934,0,0,0,0
935,1,0,0,0
936,0,0,0,0
937,5,6,0,0
938,9,10,0,0
939,1,0,0,0
940,6,7,0,0
941,10,11,0,0
942,0,0,0,0
943,11,12,0,0
944,6,7,0,0
945,3,4,0,0
946,3,4,0,0
947,3,4,0,0
948,4,5,0,0
949,2,3,0,0
950,0,0,0,0
951,11,12,0,0
952,1,0,0,0
953,12,13,0,0
954,9,10,0,0
955,9,10,0,0
956,7,8,0,0
957,3,4,0,0
958,1,0,0,0
959,1,0,0,0
960,5,6,0,0
961,4,5,0,0
962,3,4,0,0
963,0,0,0,0
964,5,6,0,0
965,9,10,0,0
966,0,0,0,0
967,5,6,0,0
968,0,0,0,0
969,2,3,0,0
970,11,12,0,0
971,6,7,0,0
972,4,5,0,0
973,13,14,0,0
974,5,6,0,0
975,9,10,0,0
976,0,0,0,0
977,5,6,0,0
978,6,7,0,0
979,0,0,0,0
980,4,5,0,0
981,4,5,0,0
982,13,14,0,0
983,5,6,0,0
984,3,4,0,0
985,6,7,0,0
986,0,0,0,0
987,0,0,0,0
988,14,15,0,0
989,3,4,0,0
990,9,10,0,0
991,2,3,0,0
992,10,11,0,0
993,3,4,0,0
994,7,8,0,0
995,0,0,0,0
996,0,0,0,0
997,4,5,0,0
998,6,7,0,0
999,1,0,0,0
1000,3,4,0,0
1001,10,11,0,0
1002,0,0,0,0
1003,7,8,0,0
1004,12,13,0,0
1005,12,13,0,0
1006,1,0,0,0
1007,0,0,0,0
1008,11,12,0,0
1009,13,14,0,0
1010,0,0,0,0
1011,7,8,0,0
1012,1,0,0,0
1013,4,5,0,0
1014,9,10,0,0
1015,4,5,0,0
1016,4,5,0,0
1017,5,6,0,0
1018,4,5,0,0
1019,0,0,0,0
1020,3,4,0,0
1021,0,0,0,0
1022,11,12,0,0
1023,8,9,0,0
1024,10,11,0,0
1025,2,3,0,0
1026,4,5,0,0
1027,1,0,0,0
1028,9,10,0,0
1029,10,11,0,0
1030,4,5,0,0
1031,7,8,0,0
1032,1,0,0,0
1033,0,0,0,0
1034,7,8,0,0
1035,0,0,0,0
1036,0,0,0,0
1037,4,5,0,0
1038,4,5,0,0
1039,12,13,0,0
1040,1,0,0,0
1041,8,9,0,0
1042,0,0,0,0
1043,2,3,0,0
1044,2,3,0,0
1045,11,12,0,0
1046,8,9,0,0
1047,4,5,0,0
1048,4,5,0,0
1049,2,3,0,0
1050,6,7,0,0
1051,0,0,0,0
1052,3,4,0,0
1053,15,16,0,0
1054,2,3,0,0
1055,6,7,0,0
1056,3,4,0,0
1057,3,4,0,0
1058,2,3,0,0
1059,2,3,0,0
1060,0,0,0,0
1061,5,6,0,0
1062,0,0,0,0
1063,3,4,0,0
1064,0,0,0,0
1065,0,0,0,0
1066,2,3,0,0
1067,4,5,0,0
1068,0,0,0,0
1069,3,4,0,0
1070,6,7,0,0
1071,1,0,0,0
1072,5,6,0,0
1073,1,0,0,0
1074,1,0,0,0
1075,3,4,0,0
1076,10,11,0,0
1077,6,7,0,0
1078,11,12,0,0
1079,12,13,0,0
1080,9,10,0,0
1081,6,7,0,0
1082,12,13,0,0
1083,8,9,0,0
1084,8,9,0,0
1085,2,3,0,0
1086,1,0,0,0
1087,9,10,0,0
1088,0,0,0,0
1089,0,0,0,0
1090,0,0,0,0
1091,0,0,0,0
1092,3,4,0,0
1093,5,6,0,0
1094,11,12,0,0
1095,9,10,0,0
1096,10,11,0,0
1097,8,9,0,0
1098,4,5,0,0
1099,7,8,0,0
1100,7,8,0,0
1101,3,4,0,0
1102,1,0,0,0
1103,0,0,0,0
1104,1,0,0,0
1105,1,0,0,0
1106,0,0,0,0
1107,0,0,0,0
1108,2,3,0,0
1109,5,6,0,0
1110,3,4,0,0
1111,2,3,0,0
1112,7,8,0,0
1113,7,8,0,0
1114,4,5,0,0
1115,4,5,0,0
1116,6,7,0,0
1117,1,0,0,0
1118,6,7,0,0
1119,1,0,0,0
1120,5,6,0,0
1121,5,6,0,0
1122,0,0,0,0
1123,11,12,0,0
1124,1,0,0,0
1125,5,6,0,0
1126,5,6,0,0
1127,9,10,0,0
1128,4,5,0,0
1129,3,4,0,0
1130,5,6,0,0
1131,6,7,0,0
1132,1,0,0,0
1133,2,3,0,0
1134,4,5,0,0
1135,2,3,0,0
1136,5,6,0,0
1137,1,0,0,0
1138,5,6,0,0
1139,9,10,0,0
1140,8,9,0,0
1141,5,6,0,0
1142,6,7,0,0
1143,0,0,0,0
1144,10,11,0,0
1145,3,4,0,0
1146,12,13,0,0
1147,2,3,0,0
1148,0,0,0,0
1149,10,11,0,0
1150,3,4,0,0
1151,10,11,0,0
1152,0,0,0,0
1153,8,9,0,0
1154,2,3,0,0
1155,5,6,0,0
1156,1,0,0,0
1157,0,0,0,0
1158,1,0,0,0
1159,6,7,0,0
1160,7,8,0,0
1161,1,0,0,0
1162,3,4,0,0
1163,7,8,0,0
1164,6,7,0,0
1165,11,12,0,0
1166,3,4,0,0
1167,1,0,0,0
1168,12,13,0,0
1169,6,7,0,0
1170,0,0,0,0
1171,5,6,0,0
1172,4,5,0,0
1173,1,0,0,0
1174,1,0,0,0
1175,0,0,0,0
1176,5,6,0,0
1177,9,10,0,0
1178,3,4,0,0
1179,7,8,0,0
1180,2,3,0,0
1181,5,6,0,0
1182,9,10,0,0
1183,3,4,0,0
1184,6,7,0,0
1185,6,7,0,0
1186,3,4,0,0
1187,0,0,0,0
1188,1,0,0,0
1189,1,0,0,0
1190,8,9,0,0
1191,1,0,0,0
1192,0,0,0,0
1193,0,0,0,0
1194,2,3,0,0
1195,6,7,0,0
1196,6,7,0,0
1197,2,3,0,0
1198,0,0,0,0
1199,7,8,0,0
1200,5,6,0,0
1201,1,0,0,0
1202,0,0,0,0
1203,5,6,0,0
1204,5,6,0,0
1205,5,6,0,0
1206,13,14,0,0
1207,1,0,0,0
1208,1,0,0,0
1209,10,11,0,0
1210,11,12,0,0
1211,2,3,0,0
1212,6,7,0,0
1213,0,0,0,0
1214,6,7,0,0
1215,1,0,0,0
1216,0,0,0,0
1217,0,0,0,0
1218,11,12,0,0
1219,3,4,0,0
1220,6,7,0,0
1221,11,12,0,0
1222,6,7,0,0
1223,1,0,0,0
1224,2,3,0,0
1225,0,0,0,0
1226,1,0,0,0
1227,6,7,0,0
1228,0,0,0,0
1229,4,5,0,0
1230,8,9,0,0
1231,10,11,0,0
1232,9,10,0,0
1233,3,4,0,0
1234,0,0,0,0
1235,6,7,0,0
1236,2,3,0,0
1237,3,4,0,0
1238,0,0,0,0
1239,7,8,0,0
1240,9,10,0,0
1241,0,0,0,0
1242,3,4,0,0
1243,1,0,0,0
1244,7,8,0,0
1245,11,12,0,0
1246,7,8,0,0
1247,5,6,0,0
1248,4,5,0,0
1249,1,0,0,0
1250,10,11,0,0
1251,1,0,0,0
1252,5,6,0,0
1253,3,4,0,0
1254,2,3,0,0
1255,7,8,0,0
1256,1,0,0,0
1257,0,0,0,0
1258,5,6,0,0
1259,0,0,0,0
1260,4,5,0,0
1261,7,8,0,0
1262,12,13,0,0
1263,8,9,0,0
1264,2,3,0,0
1265,10,11,0,0
1266,4,5,0,0
1267,0,0,0,0
1268,14,15,0,0
1269,10,11,0,0
1270,9,10,0,0
1271,6,7,0,0
1272,7,8,0,0
1273,3,4,0,0
1274,4,5,0,0
1275,3,4,0,0
1276,3,4,0,0
1277,3,4,0,0
1278,10,11,0,0
1279,10,11,0,0
1280,0,0,0,0
1281,1,0,0,0
1282,6,7,0,0
1283,3,4,0,0
1284,9,10,0,0
1285,2,3,0,0
1286,4,5,0,0
1287,6,7,0,0
1288,0,0,0,0
1289,9,10,0,0
1290,11,12,0,0
1291,0,0,0,0
1292,3,4,0,0
1293,7,8,0,0
1294,6,7,0,0
1295,3,4,0,0
1296,10,11,0,0
1297,9,10,0,0
1298,1,0,0,0
1299,3,4,0,0
1300,0,0,0,0
1301,1,0,0,0
1302,11,12,0,0
1303,10,11,0,0
1304,0,0,0,0
1305,0,0,0,0
1306,6,7,0,0
1307,4,5,0,0
1308,7,8,0,0
1309,7,8,0,0
1310,6,7,0,0
1311,7,8,0,0
1312,0,0,0,0
1313,3,4,0,0
1314,4,5,0,0
1315,11,12,0,0
1316,0,0,0,0
1317,0,0,0,0
1318,4,5,0,0
1319,0,0,0,0
1320,9,10,0,0
1321,7,8,0,0
1322,5,6,0,0
1323,11,12,0,0
1324,1,0,0,0
1325,3,4,0,0
1326,15,16,0,0
1327,3,4,0,0
1328,1,0,0,0
1329,6,7,0,0
1330,7,8,0,0
1331,0,0,0,0
1332,1,0,0,0
1333,1,0,0,0
1334,1,0,0,0
1335,4,5,0,0
1336,1,0,0,0
1337,1,0,0,0
1338,9,10,0,0
1339,0,0,0,0
1340,8,9,0,0
1341,1,0,0,0
1342,10,11,0,0
1343,1,0,0,0
1344,5,6,0,0
1345,2,3,0,0
1346,4,5,0,0
1347,2,3,0,0
1348,4,5,0,0
1349,5,6,0,0
1350,3,4,0,0
1351,7,8,0,0
1352,11,12,0,0
1353,10,11,0,0
1354,3,4,0,0
1355,3,4,0,0
1356,11,12,0,0
1357,2,3,0,0
1358,0,0,0,0
1359,1,0,0,0
1360,6,7,0,0
1361,19,20,0,0
1362,6,7,0,0
1363,1,0,0,0
1364,10,11,0,0
1365,1,0,0,0
1366,4,5,0,0
1367,17,18,0,0
1368,10,11,0,0
1369,5,6,0,0
1370,2,3,0,0
1371,1,0,0,0
1372,5,6,0,0
1373,7,8,0,0
1374,14,15,0,0
1375,7,8,0,0
1376,5,6,0,0
1377,2,3,0,0
1378,5,6,0,0
1379,6,7,0,0
1380,4,5,0,0
1381,0,0,0,0
1382,0,0,0,0
1383,5,6,0,0
1384,6,7,0,0
1385,11,12,0,0
1386,0,0,0,0
1387,3,4,0,0
1388,13,14,0,0
1389,11,12,0,0
1390,3,4,0,0
1391,1,0,0,0
1392,3,4,0,0
1393,0,0,0,0
1394,5,6,0,0
1395,5,6,0,0
1396,9,10,0,0
1397,5,6,0,0
1398,6,7,0,0
1399,6,7,0,0
1400,4,5,0,0
1401,11,12,0,0
1402,8,9,0,0
1403,14,15,0,0
1404,3,4,0,0
1405,7,8,0,0
1406,2,3,0,0
1407,9,10,0,0
1408,5,6,0,0
1409,3,4,0,0
1410,2,3,0,0
1411,7,8,0,0
1412,0,0,0,0
1413,0,0,0,0
1414,5,6,0,0
1415,1,0,0,0
1416,2,3,0,0
1417,10,11,0,0
1418,0,0,0,0
1419,7,8,0,0
1420,5,6,0,0
1421,2,3,0,0
1422,0,0,0,0
1423,9,10,0,0
1424,11,12,0,0
1425,12,13,0,0
1426,3,4,0,0
1427,0,0,0,0
1428,0,0,0,0
1429,1,0,0,0
1430,3,4,0,0
1431,6,7,0,0
1432,2,3,0,0
1433,1,0,0,0
1434,0,0,0,0
1435,1,0,0,0
1436,12,13,0,0
1437,3,4,0,0
1438,2,3,0,0
1439,13,14,0,0
1440,6,7,0,0
1441,1,0,0,0
1442,1,0,0,0
1443,10,11,0,0
1444,0,0,0,0
1445,5,6,0,0
1446,2,3,0,0
1447,11,12,0,0
1448,5,6,0,0
1449,7,8,0,0
1450,5,6,0,0
1451,10,11,0,0
1452,0,0,0,0
1453,3,4,0,0
1454,3,4,0,0
1455,11,12,0,0
1456,3,4,0,0
1457,9,10,0,0
1458,6,7,0,0
1459,11,12,0,0
1460,0,0,0,0
1461,5,6,0,0
1462,10,11,0,0
1463,8,9,0,0
1464,4,5,0,0
1465,0,0,0,0
1466,12,13,0,0
1467,15,16,0,0
1468,3,4,0,0
1469,6,7,0,0
1470,14,15,0,0
1471,5,6,0,0
1472,5,6,0,0
1473,1,0,0,0
1474,2,3,0,0
1475,6,7,0,0
1476,3,4,0,0
1477,14,15,0,0
1478,3,4,0,0
1479,0,0,0,0
1480,0,0,0,0
1481,4,5,0,0
1482,5,6,0,0
1483,2,3,0,0
1484,3,4,0,0
1485,2,3,0,0
1486,12,13,0,0
1487,1,0,0,0
1488,6,7,0,0
1489,12,13,0,0
1490,11,12,0,0
1491,6,7,0,0
1492,5,6,0,0
1493,0,0,0,0
1494,1,0,0,0
1495,7,8,0,0
1496,1,0,0,0
1497,0,0,0,0
1498,6,7,0,0
1499,4,5,0,0
1500,5,6,0,0
1501,10,11,0,0
1502,0,0,0,0
1503,10,11,0,0
1504,5,6,0,0
1505,4,5,0,0
1506,1,0,0,0
1507,0,0,0,0
1508,1,0,0,0
1509,1,0,0,0
1510,5,6,0,0
1511,9,10,0,0
1512,5,6,0,0
1513,1,0,0,0
1514,1,0,0,0
1515,1,0,0,0
1516,5,6,0,0
1517,12,13,0,0
1518,5,6,0,0
1519,0,0,0,0
1520,0,0,0,0
1521,0,0,0,0
1522,3,4,0,0
1523,6,7,0,0
1524,0,0,0,0
1525,4,5,0,0
1526,2,3,0,0
1527,3,4,0,0
1528,3,4,0,0
1529,5,6,0,0
1530,14,15,0,0
1531,3,4,0,0
1532,9,10,0,0
1533,2,3,0,0
1534,1,0,0,0
1535,5,6,0,0
1536,4,5,0,0
1537,7,8,0,0
1538,1,0,0,0
1539,0,0,0,0
1540,2,3,0,0
1541,4,5,0,0
1542,2,3,0,0
1543,0,0,0,0
1544,1,0,0,0
1545,6,7,0,0
1546,1,0,0,0
1547,0,0,0,0
1548,8,9,0,0
1549,2,3,0,0
1550,7,8,0,0
1551,0,0,0,0
1552,4,5,0,0
1553,0,0,0,0
1554,2,3,0,0
1555,7,8,0,0
1556,6,7,0,0
1557,6,7,0,0
1558,2,3,0,0
1559,4,5,0,0
1560,4,5,0,0
1561,7,8,0,0
1562,0,0,0,0
1563,7,8,0,0
1564,9,10,0,0
1565,1,0,0,0
1566,6,7,0,0
1567,0,0,0,0
1568,2,3,0,0
1569,5,6,0,0
1570,0,0,0,0
1571,0,0,0,0
1572,12,13,0,0
1573,3,4,0,0
1574,4,5,0,0
1575,6,7,0,0
1576,3,4,0,0
1577,2,3,0,0
1578,5,6,0,0
1579,3,4,0,0
1580,6,7,0,0
1581,1,0,0,0
1582,7,8,0,0
1583,0,0,0,0
1584,6,7,0,0
1585,6,7,0,0
1586,4,5,0,0
1587,1,0,0,0
1588,6,7,0,0
1589,0,0,0,0
1590,0,0,0,0
1591,6,7,0,0
1592,15,16,0,0
1593,3,4,0,0
1594,1,0,0,0
1595,6,7,0,0
1596,11,12,0,0
1597,0,0,0,0
1598,0,0,0,0
1599,1,0,0,0
1600,0,0,0,0
1601,3,4,0,0
1602,3,4,0,0
1603,7,8,0,0
1604,9,10,0,0
1605,5,6,0,0
1606,3,4,0,0
1607,9,10,0,0
1608,3,4,0,0
1609,1,0,0,0
1610,11,12,0,0
1611,10,11,0,0
1612,4,5,0,0
1613,0,0,0,0
1614,0,0,0,0
1615,7,8,0,0
1616,4,5,0,0
1617,4,5,0,0
1618,5,6,0,0
1619,0,0,0,0
1620,7,8,0,0
1621,4,5,0,0
1622,3,4,0,0
1623,2,3,0,0
1624,1,0,0,0
1625,9,10,0,0
1626,5,6,0,0
1627,7,8,0,0
1628,12,13,0,0
1629,13,14,0,0
1630,3,4,0,0
1631,10,11,0,0
1632,0,0,0,0
1633,4,5,0,0
1634,0,0,0,0
1635,5,6,0,0
1636,1,0,0,0
1637,0,0,0,0
1638,4,5,0,0
1639,1,0,0,0
1640,9,10,0,0
1641,1,0,0,0
1642,5,6,0,0
1643,1,0,0,0
1644,1,0,0,0
1645,5,6,0,0
1646,3,4,0,0
1647,0,0,0,0
1648,2,3,0,0
1649,2,3,0,0
1650,0,0,0,0
1651,2,3,0,0
1652,4,5,0,0
1653,0,0,0,0
1654,3,4,0,0
1655,5,6,0,0
1656,12,13,0,0
1657,13,14,0,0
1658,0,0,0,0
1659,3,4,0,0
1660,1,0,0,0
1661,5,6,0,0
1662,7,8,0,0
1663,1,0,0,0
1664,10,11,0,0
1665,9,10,0,0
1666,1,0,0,0
1667,4,5,0,0
1668,7,8,0,0
1669,1,0,0,0
1670,6,7,0,0
1671,2,3,0,0
1672,3,4,0,0
1673,2,3,0,0
1674,0,0,0,0
1675,1,0,0,0
1676,1,0,0,0
1677,12,13,0,0
1678,11,12,0,0
1679,6,7,0,0
1680,1,0,0,0
1681,0,0,0,0
1682,5,6,0,0
1683,0,0,0,0
1684,0,0,0,0
1685,6,7,0,0
1686,3,4,0,0
1687,4,5,0,0
1688,0,0,0,0
1689,3,4,0,0
1690,11,12,0,0
1691,5,6,0,0
1692,8,9,0,0
1693,4,5,0,0
1694,9,10,0,0
1695,2,3,0,0
1696,1,0,0,0
1697,0,0,0,0
1698,0,0,0,0
1699,2,3,0,0
1700,0,0,0,0
1701,10,11,0,0
1702,5,6,0,0
1703,2,3,0,0
1704,7,8,0,0
1705,1,0,0,0
1706,0,0,0,0
1707,5,6,0,0
1708,6,7,0,0
1709,6,7,0,0
1710,4,5,0,0
1711,0,0,0,0
1712,2,3,0,0
1713,3,4,0,0
1714,6,7,0,0
1715,1,0,0,0
1716,11,12,0,0
1717,10,11,0,0
1718,2,3,0,0
1719,0,0,0,0
1720,4,5,0,0
1721,0,0,0,0
1722,5,6,0,0
1723,0,0,0,0
1724,7,8,0,0
1725,9,10,0,0
1726,10,11,0,0
1727,4,5,0,0
1728,1,0,0,0
1729,4,5,0,0
1730,3,4,0,0
1731,6,7,0,0
1732,0,0,0,0
1733,1,0,0,0
1734,3,4,0,0
1735,3,4,0,0
1736,13,14,0,0
1737,1,0,0,0
1738,1,0,0,0
1739,6,7,0,0
1740,3,4,0,0
1741,2,3,0,0
1742,3,4,0,0
1743,1,0,0,0
1744,12,13,0,0
1745,0,0,0,0
1746,0,0,0,0
1747,6,7,0,0
1748,0,0,0,0
1749,2,3,0,0
1750,1,0,0,0
1751,7,8,0,0
1752,9,10,0,0
1753,4,5,0,0
1754,0,0,0,0
1755,5,6,0,0
1756,7,8,0,0
1757,16,17,0,0
1758,4,5,0,0
1759,12,13,0,0
1760,6,7,0,0
1761,4,5,0,0
1762,4,5,0,0
1763,9,10,0,0
1764,1,0,0,0
1765,6,7,0,0
1766,3,4,0,0
1767,2,3,0,0
1768,0,0,0,0
1769,5,6,0,0
1770,6,7,0,0
1771,9,10,0,0
1772,6,7,0,0
1773,2,3,0,0
1774,4,5,0,0
1775,6,7,0,0
1776,6,7,0,0
1777,0,0,0,0
1778,0,0,0,0
1779,8,9,0,0
1780,6,7,0,0
1781,1,0,0,0
1782,6,7,0,0
1783,9,10,0,0
1784,6,7,0,0
1785,4,5,0,0
1786,13,14,0,0
1787,5,6,0,0
1788,10,11,0,0
1789,5,6,0,0
1790,0,0,0,0
1791,0,0,0,0
1792,7,8,0,0
1793,9,10,0,0
1794,3,4,0,0
1795,5,6,0,0
1796,0,0,0,0
1797,5,6,0,0
1798,0,0,0,0
1799,2,3,0,0
1800,5,6,0,0
1801,0,0,0,0
1802,12,13,0,0
1803,2,3,0,0
1804,8,9,0,0
1805,13,14,0,0
1806,5,6,0,0
1807,5,6,0,0
1808,9,10,0,0
1809,2,3,0,0
1810,0,0,0,0
1811,13,14,0,0
1812,10,11,0,0
1813,1,0,0,0
1814,0,0,0,0
1815,7,8,0,0
1816,2,3,0,0
1817,1,0,0,0
1818,2,3,0,0
1819,1,0,0,0
1820,6,7,0,0
1821,4,5,0,0
1822,5,6,0,0
1823,2,3,0,0
1824,14,15,0,0
1825,2,3,0,0
1826,0,0,0,0
1827,10,11,0,0
1828,0,0,0,0
1829,1,0,0,0
1830,0,0,0,0
1831,7,8,0,0
1832,13,14,0,0
1833,18,19,0,0
1834,7,8,0,0
1835,1,0,0,0
1836,1,0,0,0
1837,2,3,0,0
1838,0,0,0,0
1839,6,7,0,0
1840,7,8,0,0
1841,4,5,0,0
1842,7,8,0,0
1843,6,7,0,0
1844,3,4,0,0
1845,4,5,0,0
1846,9,10,0,0
1847,6,7,0,0
1848,2,3,0,0
1849,9,10,0,0
1850,6,7,0,0
1851,3,4,0,0
1852,0,0,0,0
1853,1,0,0,0
1854,6,7,0,0
1855,7,8,0,0
1856,3,4,0,0
1857,9,10,0,0
1858,1,0,0,0
1859,14,15,0,0
1860,8,9,0,0
1861,0,0,0,0
1862,0,0,0,0
1863,9,10,0,0
1864,8,9,0,0
1865,7,8,0,0
1866,2,3,0,0
1867,0,0,0,0
1868,12,13,0,0
1869,6,7,0,0
1870,7,8,0,0
1871,13,14,0,0
1872,6,7,0,0
1873,2,3,0,0
1874,5,6,0,0
1875,9,10,0,0
1876,5,6,0,0
1877,6,7,0,0
1878,7,8,0,0
1879,5,6,0,0
1880,6,7,0,0
1881,3,4,0,0
1882,0,0,0,0
1883,5,6,0,0
1884,7,8,0,0
1885,10,11,0,0
1886,6,7,0,0
1887,10,11,0,0
1888,0,0,0,0
1889,2,3,0,0
1890,1,0,0,0
1891,3,4,0,0
1892,4,5,0,0
1893,7,8,0,0
1894,7,8,0,0
1895,0,0,0,0
1896,0,0,0,0
1897,6,7,0,0
1898,4,5,0,0
1899,8,9,0,0
1900,6,7,0,0
1901,0,0,0,0
1902,8,9,0,0
1903,0,0,0,0
1904,1,0,0,0
1905,1,0,0,0
1906,0,0,0,0
1907,11,12,0,0
1908,4,5,0,0
1909,0,0,0,0
1910,8,9,0,0
1911,1,0,0,0
1912,4,5,0,0
1913,0,0,0,0
1914,12,13,0,0
1915,4,5,0,0
1916,0,0,0,0
1917,4,5,0,0
1918,1,0,0,0
1919,2,3,0,0
1920,9,10,0,0
1921,2,3,0,0
1922,8,9,0,0
1923,6,7,0,0
1924,7,8,0,0
1925,5,6,0,0
1926,7,8,0,0
1927,9,10,0,0
1928,10,11,0,0
1929,8,9,0,0
1930,3,4,0,0
1931,6,7,0,0
1932,13,14,0,0
1933,0,0,0,0
1934,4,5,0,0
1935,6,7,0,0
1936,1,0,0,0
1937,1,0,0,0
1938,6,7,0,0
1939,6,7,0,0
1940,6,7,0,0
1941,7,8,0,0
1942,8,9,0,0
1943,12,13,0,0
1944,6,7,0,0
1945,2,3,0,0
1946,6,7,0,0
1947,1,0,0,0
1948,0,0,0,0
1949,12,13,0,0
1950,4,5,0,0
1951,1,0,0,0
1952,11,12,0,0
1953,8,9,0,0
1954,4,5,0,0
1955,3,4,0,0
1956,7,8,0,0
1957,3,4,0,0
1958,0,0,0,0
1959,4,5,0,0
1960,9,10,0,0
1961,3,4,0,0
1962,0,0,0,0
1963,0,0,0,0
1964,3,4,0,0
1965,2,3,0,0
1966,6,7,0,0
1967,2,3,0,0
1968,2,3,0,0
1969,5,6,0,0
1970,0,0,0,0
1971,1,0,0,0
1972,10,11,0,0
1973,11,12,0,0
1974,0,0,0,0
1975,1,0,0,0
1976,5,6,0,0
1977,6,7,0,0
1978,5,6,0,0
1979,11,12,0,0
1980,5,6,0,0
1981,14,15,0,0
1982,4,5,0,0
1983,6,7,0,0
1984,1,0,0,0
1985,6,7,0,0
1986,6,7,0,0
1987,5,6,0,0
1988,2,3,0,0
1989,4,5,0,0
1990,0,0,0,0
1991,2,3,0,0
1992,3,4,0,0
1993,4,5,0,0
1994,8,9,0,0
1995,1,0,0,0
1996,6,7,0,0
1997,8,9,0,0
1998,10,11,0,0
1999,3,4,0,0
2000,0,0,0,0
2001,0,0,0,0
2002,11,12,0,0
2003,2,3,0,0
2004,0,0,0,0
2005,9,10,0,0
2006,9,10,0,0
2007,1,0,0,0
2008,2,3,0,0
2009,4,5,0,0
2010,0,0,0,0
2011,0,0,0,0
2012,7,8,0,0
2013,4,5,0,0
2014,12,13,0,0
2015,0,0,0,0
2016,0,0,0,0
2017,7,8,0,0
2018,0,0,0,0
2019,6,7,0,0
2020,5,6,0,0
2021,0,0,0,0
2022,4,5,0,0
2023,6,7,0,0
2024,3,4,0,0
2025,2,3,0,0
2026,4,5,0,0
2027,9,10,0,0
2028,9,10,0,0
2029,12,13,0,0
2030,4,5,0,0
2031,2,3,0,0
2032,2,3,0,0
2033,4,5,0,0
2034,1,0,0,0
2035,4,5,0,0
2036,1,0,0,0
2037,1,0,0,0
2038,3,4,0,0
2039,8,9,0,0
2040,7,8,0,0
2041,7,8,0,0
2042,8,9,0,0
2043,4,5,0,0
2044,0,0,0,0
2045,6,7,0,0
2046,1,0,0,0
2047,2,3,0,0
2048,0,0,0,0
2049,12,13,0,0
2050,4,5,0,0
2051,8,9,0,0
2052,0,0,0,0
2053,9,10,0,0
2054,14,15,0,0
2055,3,4,0,0
2056,6,7,0,0
2057,8,9,0,0
2058,4,5,0,0
2059,2,3,0,0
2060,9,10,0,0
2061,3,4,0,0
2062,9,10,0,0
2063,12,13,0,0
2064,7,8,0,0
2065,2,3,0,0
2066,0,0,0,0
2067,0,0,0,0
2068,1,0,0,0
2069,3,4,0,0
2070,2,3,0,0
2071,2,3,0,0
2072,4,5,0,0
2073,2,3,0,0
2074,0,0,0,0
2075,4,5,0,0
2076,5,6,0,0
2077,3,4,0,0
2078,0,0,0,0
2079,10,11,0,0
2080,11,12,0,0
2081,11,12,0,0
2082,11,12,0,0
2083,1,0,0,0
2084,2,3,0,0
2085,0,0,0,0
2086,7,8,0,0
2087,3,4,0,0
2088,7,8,0,0
2089,5,6,0,0
2090,5,6,0,0
2091,10,11,0,0
2092,8,9,0,0
2093,2,3,0,0
2094,1,0,0,0
2095,8,9,0,0
2096,14,15,0,0
2097,3,4,0,0
2098,10,11,0,0
2099,1,0,0,0
2100,5,6,0,0
2101,10,11,0,0
2102,0,0,0,0
2103,5,6,0,0
2104,1,0,0,0
2105,6,7,0,0
2106,3,4,0,0
2107,2,3,0,0
2108,1,0,0,0
2109,7,8,0,0
2110,7,8,0,0
2111,0,0,0,0
2112,7,8,0,0
2113,3,4,0,0
2114,1,0,0,0
2115,0,0,0,0
2116,2,3,0,0
2117,8,9,0,0
2118,18,19,0,0
2119,0,0,0,0
2120,1,0,0,0
2121,1,0,0,0
2122,0,0,0,0
2123,5,6,0,0
2124,0,0,0,0
2125,6,7,0,0
2126,7,8,0,0
2127,4,5,0,0
2128,8,9,0,0
2129,10,11,0,0
2130,0,0,0,0
2131,8,9,0,0
2132,0,0,0,0
2133,4,5,0,0
2134,0,0,0,0
2135,0,0,0,0
2136,4,5,0,0
2137,3,4,0,0
2138,7,8,0,0
2139,3,4,0,0
2140,3,4,0,0
2141,5,6,0,0
2142,4,5,0,0
2143,14,15,0,0
2144,5,6,0,0
2145,0,0,0,0
2146,6,7,0,0
2147,0,0,0,0
2148,2,3,0,0
2149,0,0,0,0
2150,1,0,0,0
2151,3,4,0,0
2152,2,3,0,0
2153,7,8,0,0
2154,6,7,0,0
2155,3,4,0,0
2156,7,8,0,0
2157,3,4,0,0
2158,1,0,0,0
2159,1,0,0,0
2160,7,8,0,0
2161,7,8,0,0
2162,3,4,0,0
2163,14,15,0,0
2164,15,16,0,0
2165,0,0,0,0
2166,7,8,0,0
2167,1,0,0,0
2168,0,0,0,0
2169,5,6,0,0
2170,1,0,0,0
2171,10,11,0,0
2172,6,7,0,0
2173,9,10,0,0
2174,1,0,0,0
2175,8,9,0,0
2176,3,4,0,0
2177,19,20,0,0
2178,5,6,0,0
2179,6,7,0,0
2180,1,0,0,0
2181,4,5,0,0
2182,2,3,0,0
2183,5,6,0,0
2184,1,0,0,0
2185,11,12,0,0
2186,0,0,0,0
2187,6,7,0,0
2188,0,0,0,0
2189,13,14,0,0
2190,3,4,0,0
2191,1,0,0,0
2192,6,7,0,0
2193,13,14,0,0
2194,6,7,0,0
2195,6,7,0,0
2196,11,12,0,0
2197,6,7,0,0
2198,2,3,0,0
2199,0,0,0,0
2200,3,4,0,0
2201,6,7,0,0
2202,1,0,0,0
2203,4,5,0,0
2204,7,8,0,0
2205,14,15,0,0
2206,12,13,0,0
2207,0,0,0,0
2208,6,7,0,0
2209,4,5,0,0
2210,7,8,0,0
2211,3,4,0,0
2212,2,3,0,0
2213,5,6,0,0
2214,6,7,0,0
2215,0,0,0,0
2216,1,0,0,0
2217,1,0,0,0
2218,11,12,0,0
2219,5,6,0,0
2220,1,0,0,0
2221,6,7,0,0
2222,14,15,0,0
2223,3,4,0,0
2224,2,3,0,0
2225,1,0,0,0
2226,0,0,0,0
2227,3,4,0,0
2228,10,11,0,0
2229,6,7,0,0
2230,13,14,0,0
2231,0,0,0,0
2232,9,10,0,0
2233,0,0,0,0
2234,5,6,0,0
2235,2,3,0,0
2236,5,6,0,0
2237,12,13,0,0
2238,10,11,0,0
2239,1,0,0,0
2240,7,8,0,0
2241,5,6,0,0
2242,2,3,0,0
2243,6,7,0,0
2244,1,0,0,0
2245,4,5,0,0
2246,5,6,0,0
2247,10,11,0,0
2248,14,15,0,0
2249,7,8,0,0
2250,2,3,0,0
2251,2,3,0,0
2252,0,0,0,0
2253,12,13,0,0
2254,1,0,0,0
2255,5,6,0,0
2256,9,10,0,0
2257,1,0,0,0
2258,7,8,0,0
2259,5,6,0,0
2260,8,9,0,0
2261,0,0,0,0
2262,8,9,0,0
2263,0,0,0,0
2264,6,7,0,0
2265,3,4,0,0
2266,3,4,0,0
2267,2,3,0,0
2268,1,0,0,0
2269,1,0,0,0
2270,3,4,0,0
2271,3,4,0,0
2272,13,14,0,0
2273,6,7,0,0
2274,0,0,0,0
2275,8,9,0,0
2276,6,7,0,0
2277,1,0,0,0
2278,5,6,0,0
2279,0,0,0,0
2280,3,4,0,0
2281,3,4,0,0
2282,5,6,0,0
2283,2,3,0,0
2284,2,3,0,0
2285,6,7,0,0
2286,9,10,0,0
2287,0,0,0,0
2288,0,0,0,0
2289,3,4,0,0
2290,7,8,0,0
2291,0,0,0,0
2292,0,0,0,0
2293,9,10,0,0
2294,9,10,0,0
2295,0,0,0,0
2296,4,5,0,0
2297,4,5,0,0
2298,8,9,0,0
2299,0,0,0,0
2300,7,8,0,0
2301,4,5,0,0
2302,5,6,0,0
2303,8,9,0,0
2304,7,8,0,0
2305,0,0,0,0
2306,3,4,0,0
2307,9,10,0,0
2308,6,7,0,0
2309,9,10,0,0
2310,5,6,0,0
2311,3,4,0,0
2312,7,8,0,0
2313,2,3,0,0
2314,7,8,0,0
2315,0,0,0,0
2316,7,8,0,0
2317,5,6,0,0
2318,6,7,0,0
2319,1,0,0,0
2320,3,4,0,0
2321,5,6,0,0
2322,0,0,0,0
2323,6,7,0,0
2324,2,3,0,0
2325,8,9,0,0
2326,2,3,0,0
2327,1,0,0,0
2328,7,8,0,0
2329,4,5,0,0
2330,4,5,0,0
2331,7,8,0,0
2332,5,6,0,0
2333,5,6,0,0
2334,10,11,0,0
2335,8,9,0,0
2336,6,7,0,0
2337,5,6,0,0
2338,7,8,0,0
2339,3,4,0,0
2340,1,0,0,0
2341,4,5,0,0
2342,0,0,0,0
2343,11,12,0,0
2344,0,0,0,0
2345,10,11,0,0
2346,9,10,0,0
2347,10,11,0,0
2348,1,0,0,0
2349,14,15,0,0
2350,2,3,0,0
2351,5,6,0,0
2352,7,8,0,0
2353,1,0,0,0
2354,1,0,0,0
2355,3,4,0,0
2356,0,0,0,0
2357,3,4,0,0
2358,1,0,0,0
2359,1,0,0,0
2360,3,4,0,0
2361,6,7,0,0
2362,5,6,0,0
2363,11,12,0,0
2364,5,6,0,0
2365,5,6,0,0
2366,2,3,0,0
2367,0,0,0,0
2368,3,4,0,0
2369,0,0,0,0
2370,5,6,0,0
2371,2,3,0,0
2372,7,8,0,0
2373,3,4,0,0
2374,10,11,0,0
2375,2,3,0,0
2376,6,7,0,0
2377,7,8,0,0
2378,11,12,0,0
2379,0,0,0,0
2380,9,10,0,0
2381,0,0,0,0
2382,1,0,0,0
2383,13,14,0,0
2384,4,5,0,0
2385,1,0,0,0
2386,0,0,0,0
2387,5,6,0,0
2388,5,6,0,0
2389,5,6,0,0
2390,6,7,0,0
2391,6,7,0,0
2392,0,0,0,0
2393,3,4,0,0
2394,13,14,0,0
2395,1,0,0,0
2396,6,7,0,0
2397,0,0,0,0
2398,4,5,0,0
2399,1,0,0,0
2400,0,0,0,0
2401,4,5,0,0
2402,10,11,0,0
2403,18,19,0,0
2404,9,10,0,0
2405,5,6,0,0
2406,3,4,0,0
2407,13,14,0,0
2408,10,11,0,0
2409,3,4,0,0
2410,3,4,0,0
2411,11,12,0,0
2412,1,0,0,0
2413,7,8,0,0
2414,5,6,0,0
2415,9,10,0,0
2416,2,3,0,0
2417,5,6,0,0
2418,9,10,0,0
2419,0,0,0,0
2420,6,7,0,0
2421,6,7,0,0
2422,4,5,0,0
2423,5,6,0,0
2424,5,6,0,0
2425,6,7,0,0
2426,0,0,0,0
2427,1,0,0,0
2428,6,7,0,0
2429,6,7,0,0
2430,3,4,0,0
2431,8,9,0,0
2432,3,4,0,0
2433,7,8,0,0
2434,1,0,0,0
2435,9,10,0,0
2436,6,7,0,0
2437,4,5,0,0
2438,8,9,0,0
2439,3,4,0,0
2440,0,0,0,0
2441,10,11,0,0
2442,0,0,0,0
2443,17,18,0,0
2444,0,0,0,0
2445,1,0,0,0
2446,0,0,0,0
2447,1,0,0,0
2448,5,6,0,0
2449,1,0,0,0
2450,0,0,0,0
2451,2,3,0,0
2452,4,5,0,0
2453,5,6,0,0
2454,0,0,0,0
2455,3,4,0,0
2456,1,0,0,0
2457,0,0,0,0
2458,2,3,0,0
2459,10,11,0,0
2460,0,0,0,0
2461,6,7,0,0
2462,5,6,0,0
2463,2,3,0,0
2464,1,0,0,0
2465,1,0,0,0
2466,5,6,0,0
2467,15,16,0,0
2468,7,8,0,0
2469,15,16,0,0
2470,9,10,0,0
2471,8,9,0,0
2472,0,0,0,0
2473,7,8,0,0
2474,1,0,0,0
2475,9,10,0,0
2476,2,3,0,0
2477,0,0,0,0
2478,1,0,0,0
2479,1,0,0,0
2480,9,10,0,0
2481,0,0,0,0
2482,0,0,0,0
2483,8,9,0,0
2484,7,8,0,0
2485,6,7,0,0
2486,0,0,0,0
2487,15,16,0,0
2488,4,5,0,0
2489,8,9,0,0
2490,1,0,0,0
2491,5,6,0,0
2492,5,6,0,0
2493,6,7,0,0
2494,6,7,0,0
2495,5,6,0,0
2496,1,0,0,0
2497,0,0,0,0
2498,8,9,0,0
2499,2,3,0,0
2500,0,0,0,0
2501,10,11,0,0
2502,11,12,0,0
2503,1,0,0,0
2504,2,3,0,0
2505,0,0,0,0
2506,1,0,0,0
2507,2,3,0,0
2508,2,3,0,0
2509,0,0,0,0
2510,4,5,0,0
2511,5,6,0,0
2512,0,0,0,0
2513,7,8,0,0
2514,1,0,0,0
2515,5,6,0,0
2516,0,0,0,0
2517,3,4,0,0
2518,1,0,0,0
2519,0,0,0,0
2520,3,4,0,0
2521,0,0,0,0
2522,1,0,0,0
2523,0,0,0,0
2524,0,0,0,0
2525,7,8,0,0
2526,15,16,0,0
2527,6,7,0,0
2528,1,0,0,0
2529,12,13,0,0
2530,3,4,0,0
2531,12,13,0,0
2532,7,8,0,0
2533,0,0,0,0
2534,5,6,0,0
2535,0,0,0,0
2536,7,8,0,0
2537,5,6,0,0
2538,0,0,0,0
2539,0,0,0,0
2540,1,0,0,0
2541,2,3,0,0
2542,4,5,0,0
2543,0,0,0,0
2544,4,5,0,0
2545,1,0,0,0
2546,2,3,0,0
2547,0,0,0,0
2548,2,3,0,0
2549,4,5,0,0
2550,9,10,0,0
2551,0,0,0,0
2552,3,4,0,0
2553,13,14,0,0
2554,0,0,0,0
2555,0,0,0,0
2556,0,0,0,0
2557,3,4,0,0
2558,1,0,0,0
2559,1,0,0,0
2560,5,6,0,0
2561,2,3,0,0
2562,17,18,0,0
2563,0,0,0,0
2564,7,8,0,0
2565,9,10,0,0
2566,9,10,0,0
2567,14,15,0,0
2568,1,0,0,0
2569,1,0,0,0
2570,6,7,0,0
2571,2,3,0,0
2572,0,0,0,0
2573,3,4,0,0
2574,0,0,0,0
2575,0,0,0,0
2576,18,19,0,0
2577,10,11,0,0
2578,0,0,0,0
2579,0,0,0,0
2580,3,4,0,0
2581,7,8,0,0
2582,9,10,0,0
2583,0,0,0,0
2584,1,0,0,0
2585,0,0,0,0
2586,5,6,0,0
2587,5,6,0,0
2588,1,0,0,0
2589,3,4,0,0
2590,15,16,0,0
2591,3,4,0,0
2592,0,0,0,0
2593,9,10,0,0
2594,0,0,0,0
2595,1,0,0,0
2596,7,8,0,0
2597,5,6,0,0
2598,2,3,0,0
2599,0,0,0,0
2600,3,4,0,0
2601,12,13,0,0
2602,3,4,0,0
2603,4,5,0,0
2604,5,6,0,0
2605,25,25,0,0
2606,3,4,0,0
2607,10,11,0,0
2608,0,0,0,0
2609,0,0,0,0
2610,2,3,0,0
2611,8,9,0,0
2612,2,3,0,0
2613,7,8,0,0
2614,1,0,0,0
2615,2,3,0,0
2616,6,7,0,0
2617,1,0,0,0
2618,0,0,0,0
2619,1,0,0,0
2620,6,7,0,0
2621,2,3,0,0
2622,4,5,0,0
2623,9,10,0,0
2624,1,0,0,0
2625,11,12,0,0
2626,4,5,0,0
2627,2,3,0,0
2628,0,0,0,0
2629,4,5,0,0
2630,4,5,0,0
2631,6,7,0,0
2632,5,6,0,0
2633,2,3,0,0
2634,6,7,0,0
2635,3,4,0,0
2636,0,0,0,0
2637,1,0,0,0
2638,2,3,0,0
2639,13,14,0,0
2640,2,3,0,0
2641,12,13,0,0
2642,7,8,0,0
2643,2,3,0,0
2644,2,3,0,0
2645,8,9,0,0
2646,1,0,0,0
2647,2,3,0,0
2648,2,3,0,0
2649,5,6,0,0
2650,5,6,0,0
2651,4,5,0,0
2652,0,0,0,0
2653,1,0,0,0
2654,5,6,0,0
2655,3,4,0,0
2656,6,7,0,0
2657,1,0,0,0
2658,0,0,0,0
2659,0,0,0,0
2660,5,6,0,0
2661,7,8,0,0
2662,7,8,0,0
2663,12,13,0,0
2664,1,0,0,0
2665,9,10,0,0
2666,1,0,0,0
2667,2,3,0,0
2668,5,6,0,0
2669,7,8,0,0
2670,5,6,0,0
2671,0,0,0,0
2672,9,10,0,0
2673,1,0,0,0
2674,9,10,0,0
2675,11,12,0,0
2676,3,4,0,0
2677,4,5,0,0
2678,0,0,0,0
2679,6,7,0,0
2680,7,8,0,0
2681,14,15,0,0
2682,0,0,0,0
2683,1,0,0,0
2684,6,7,0,0
2685,0,0,0,0
2686,1,0,0,0
2687,9,10,0,0
2688,2,3,0,0
2689,9,10,0,0
2690,6,7,0,0
2691,0,0,0,0
2692,5,6,0,0
2693,0,0,0,0
2694,1,0,0,0
2695,3,4,0,0
2696,1,0,0,0
2697,5,6,0,0
2698,1,0,0,0
2699,4,5,0,0
2700,2,3,0,0
2701,19,20,0,0
2702,0,0,0,0
2703,10,11,0,0
2704,0,0,0,0
2705,2,3,0,0
2706,1,0,0,0
2707,3,4,0,0
2708,7,8,0,0
2709,9,10,0,0
2710,0,0,0,0
2711,2,3,0,0
2712,10,11,0,0
2713,5,6,0,0
2714,1,0,0,0
2715,0,0,0,0
2716,2,3,0,0
2717,3,4,0,0
2718,3,4,0,0
2719,5,6,0,0
2720,0,0,0,0
2721,1,0,0,0
2722,0,0,0,0
2723,0,0,0,0
2724,11,12,0,0
2725,9,10,0,0
2726,6,7,0,0
2727,5,6,0,0
2728,6,7,0,0
2729,0,0,0,0
2730,4,5,0,0
2731,0,0,0,0
2732,2,3,0,0
2733,1,0,0,0
2734,2,3,0,0
2735,7,8,0,0
2736,0,0,0,0
2737,9,10,0,0
2738,3,4,0,0
2739,1,0,0,0
2740,7,8,0,0
2741,15,16,0,0
2742,2,3,0,0
2743,1,0,0,0
2744,3,4,0,0
2745,4,5,0,0
2746,3,4,0,0
2747,0,0,0,0
2748,4,5,0,0
2749,13,14,0,0
2750,15,16,0,0
2751,7,8,0,0
2752,3,4,0,0
2753,9,10,0,0
2754,18,19,0,0
2755,9,10,0,0
2756,3,4,0,0
2757,4,5,0,0
2758,8,9,0,0
2759,2,3,0,0
2760,0,0,0,0
2761,1,0,0,0
2762,1,0,0,0
2763,11,12,0,0
2764,5,6,0,0
2765,3,4,0,0
2766,9,10,0,0
2767,0,0,0,0
2768,6,7,0,0
2769,9,10,0,0
2770,7,8,0,0
2771,5,6,0,0
2772,10,11,0,0
2773,3,4,0,0
2774,3,4,0,0
2775,2,3,0,0
2776,2,3,0,0
2777,2,3,0,0
2778,0,0,0,0
2779,6,7,0,0
2780,7,8,0,0
2781,3,4,0,0
2782,7,8,0,0
2783,0,0,0,0
2784,2,3,0,0
2785,13,14,0,0
2786,0,0,0,0
2787,0,0,0,0
2788,17,18,0,0
2789,1,0,0,0
2790,5,6,0,0
2791,0,0,0,0
2792,6,7,0,0
2793,3,4,0,0
2794,3,4,0,0
2795,0,0,0,0
2796,7,8,0,0
2797,0,0,0,0
2798,8,9,0,0
2799,5,6,0,0
2800,5,6,0,0
2801,6,7,0,0
2802,1,0,0,0
2803,5,6,0,0
2804,1,0,0,0
2805,3,4,0,0
2806,3,4,0,0
2807,7,8,0,0
2808,3,4,0,0
2809,1,0,0,0
2810,12,13,0,0
2811,5,6,0,0
2812,2,3,0,0
2813,4,5,0,0
2814,0,0,0,0
2815,0,0,0,0
2816,0,0,0,0
2817,0,0,0,0
2818,8,9,0,0
2819,9,10,0,0
2820,1,0,0,0
2821,11,12,0,0
2822,12,13,0,0
2823,5,6,0,0
2824,10,11,0,0
2825,3,4,0,0
2826,11,12,0,0
2827,6,7,0,0
2828,2,3,0,0
2829,10,11,0,0
2830,5,6,0,0
2831,1,0,0,0
2832,7,8,0,0
2833,4,5,0,0
2834,7,8,0,0
2835,9,10,0,0
2836,0,0,0,0
2837,7,8,0,0
2838,0,0,0,0
2839,4,5,0,0
2840,0,0,0,0
2841,0,0,0,0
2842,0,0,0,0
2843,9,10,0,0
2844,6,7,0,0
2845,3,4,0,0
2846,2,3,0,0
2847,12,13,0,0
2848,1,0,0,0
2849,1,0,0,0
2850,9,10,0,0
2851,5,6,0,0
2852,1,0,0,0
2853,1,0,0,0
2854,1,0,0,0
2855,8,9,0,0
2856,1,0,0,0
2857,7,8,0,0
2858,6,7,0,0
2859,2,3,0,0
2860,4,5,0,0
2861,2,3,0,0
2862,1,0,0,0
2863,3,4,0,0
2864,1,0,0,0
2865,0,0,0,0
2866,1,0,0,0
2867,5,6,0,0
2868,6,7,0,0
2869,5,6,0,0
2870,1,0,0,0
2871,1,0,0,0
2872,0,0,0,0
2873,6,7,0,0
2874,3,4,0,0
2875,9,10,0,0
2876,1,0,0,0
2877,0,0,0,0
2878,3,4,0,0
2879,1,0,0,0
2880,3,4,0,0
2881,2,3,0,0
2882,3,4,0,0
2883,10,11,0,0
2884,2,3,0,0
2885,3,4,0,0
2886,4,5,0,0
2887,0,0,0,0
2888,3,4,0,0
2889,0,0,0,0
2890,2,3,0,0
2891,6,7,0,0
2892,9,10,0,0
2893,10,11,0,0
2894,0,0,0,0
2895,0,0,0,0
2896,3,4,0,0
2897,3,4,0,0
2898,2,3,0,0
2899,11,12,0,0
2900,7,8,0,0
2901,0,0,0,0
2902,1,0,0,0
2903,1,0,0,0
2904,1,0,0,0
2905,3,4,0,0
2906,8,9,0,0
2907,0,0,0,0
2908,1,0,0,0
2909,3,4,0,0
2910,0,0,0,0
2911,4,5,0,0
2912,5,6,0,0
2913,5,6,0,0
2914,6,7,0,0
2915,1,0,0,0
2916,2,3,0,0
2917,16,17,0,0
2918,0,0,0,0
2919,0,0,0,0
2920,13,14,0,0
2921,2,3,0,0
2922,11,12,0,0
2923,0,0,0,0
2924,3,4,0,0
2925,2,3,0,0
2926,7,8,0,0
2927,12,13,0,0
2928,0,0,0,0
2929,0,0,0,0
2930,0,0,0,0
2931,8,9,0,0
2932,7,8,0,0
2933,0,0,0,0
2934,2,3,0,0
2935,5,6,0,0
2936,5,6,0,0
2937,0,0,0,0
2938,13,14,0,0
2939,14,15,0,0
2940,8,9,0,0
2941,7,8,0,0
2942,3,4,0,0
2943,8,9,0,0
2944,4,5,0,0
2945,5,6,0,0
2946,5,6,0,0
2947,5,6,0,0
2948,14,15,0,0
2949,4,5,0,0
2950,1,0,0,0
2951,3,4,0,0
2952,1,0,0,0
2953,2,3,0,0
2954,2,3,0,0
2955,2,3,0,0
2956,11,12,0,0
2957,3,4,0,0
2958,6,7,0,0
2959,6,7,0,0
2960,2,3,0,0
2961,3,4,0,0
2962,1,0,0,0
2963,6,7,0,0
2964,10,11,0,0
2965,4,5,0,0
2966,5,6,0,0
2967,6,7,0,0
2968,9,10,0,0
2969,4,5,0,0
2970,1,0,0,0
2971,5,6,0,0
2972,13,14,0,0
2973,8,9,0,0
2974,7,8,0,0
2975,1,0,0,0
2976,3,4,0,0
2977,0,0,0,0
2978,5,6,0,0
2979,0,0,0,0
2980,8,9,0,0
2981,10,11,0,0
2982,11,12,0,0
2983,3,4,0,0
2984,6,7,0,0
2985,7,8,0,0
2986,0,0,0,0
2987,3,4,0,0
2988,0,0,0,0
2989,9,10,0,0
2990,0,0,0,0
2991,7,8,0,0
2992,6,7,0,0
2993,4,5,0,0
2994,3,4,0,0
2995,7,8,0,0
2996,0,0,0,0
2997,6,7,0,0
2998,1,0,0,0
2999,9,10,0,0
3000,9,10,0,0
3001,5,6,0,0
3002,8,9,0,0
3003,1,0,0,0
3004,1,0,0,0
3005,11,12,0,0
3006,14,15,0,0
3007,4,5,0,0
3008,2,3,0,0
3009,1,0,0,0
3010,9,10,0,0
3011,3,4,0,0
3012,1,0,0,0
3013,1,0,0,0
3014,8,9,0,0
3015,10,11,0,0
3016,9,10,0,0
3017,7,8,0,0
3018,4,5,0,0
3019,12,13,0,0
3020,0,0,0,0
3021,5,6,0,0
3022,10,11,0,0
3023,6,7,0,0
3024,1,0,0,0
3025,0,0,0,0
3026,2,3,0,0
3027,6,7,0,0
3028,2,3,0,0
3029,7,8,0,0
3030,0,0,0,0
3031,2,3,0,0
3032,13,14,0,0
3033,0,0,0,0
3034,6,7,0,0
3035,2,3,0,0
3036,13,14,0,0
3037,11,12,0,0
3038,4,5,0,0
3039,9,10,0,0
3040,8,9,0,0
3041,1,0,0,0
3042,5,6,0,0
3043,7,8,0,0
3044,12,13,0,0
3045,5,6,0,0
3046,11,12,0,0
3047,6,7,0,0
3048,8,9,0,0
3049,6,7,0,0
3050,0,0,0,0
3051,4,5,0,0
3052,8,9,0,0
3053,7,8,0,0
3054,6,7,0,0
3055,6,7,0,0
3056,0,0,0,0
3057,1,0,0,0
3058,10,11,0,0
3059,3,4,0,0
3060,1,0,0,0
3061,9,10,0,0
3062,8,9,0,0
3063,4,5,0,0
3064,6,7,0,0
3065,6,7,0,0
3066,3,4,0,0
3067,0,0,0,0
3068,10,11,0,0
3069,7,8,0,0
3070,0,0,0,0
3071,2,3,0,0
3072,9,10,0,0
3073,2,3,0,0
3074,5,6,0,0
3075,9,10,0,0
3076,9,10,0,0
3077,1,0,0,0
3078,1,0,0,0
3079,0,0,0,0
3080,3,4,0,0
3081,4,5,0,0
3082,4,5,0,0
3083,0,0,0,0
3084,3,4,0,0
3085,0,0,0,0
3086,5,6,0,0
3087,9,10,0,0
3088,8,9,0,0
3089,10,11,0,0
3090,4,5,0,0
3091,12,13,0,0
3092,6,7,0,0
3093,0,0,0,0
3094,2,3,0,0
3095,1,0,0,0
3096,5,6,0,0
3097,2,3,0,0
3098,0,0,0,0
3099,3,4,0,0
3100,4,5,0,0
3101,10,11,0,0
3102,1,0,0,0
3103,3,4,0,0
3104,1,0,0,0
3105,0,0,0,0
3106,4,5,0,0
3107,1,0,0,0
3108,3,4,0,0
3109,8,9,0,0
3110,1,0,0,0
3111,0,0,0,0
3112,1,0,0,0
3113,13,14,0,0
3114,5,6,0,0
3115,4,5,0,0
3116,10,11,0,0
3117,5,6,0,0
3118,2,3,0,0
3119,6,7,0,0
3120,3,4,0,0
3121,6,7,0,0
3122,10,11,0,0
3123,2,3,0,0
3124,14,15,0,0
3125,0,0,0,0
3126,6,7,0,0
3127,10,11,0,0
3128,5,6,0,0
3129,1,0,0,0
3130,1,0,0,0
3131,7,8,0,0
3132,0,0,0,0
3133,0,0,0,0
3134,0,0,0,0
3135,5,6,0,0
3136,10,11,0,0
3137,5,6,0,0
3138,0,0,0,0
3139,3,4,0,0
3140,13,14,0,0
3141,4,5,0,0
3142,15,16,0,0
3143,0,0,0,0
3144,6,7,0,0
3145,6,7,0,0
3146,10,11,0,0
3147,0,0,0,0
3148,3,4,0,0
3149,9,10,0,0
3150,5,6,0,0
3151,0,0,0,0
3152,12,13,0,0
3153,17,18,0,0
3154,4,5,0,0
3155,0,0,0,0
3156,5,6,0,0
3157,1,0,0,0
3158,5,6,0,0
3159,5,6,0,0
3160,6,7,0,0
3161,2,3,0,0
3162,1,0,0,0
3163,0,0,0,0
3164,9,10,0,0
3165,0,0,0,0
3166,1,0,0,0
3167,9,10,0,0
3168,6,7,0,0
3169,5,6,0,0
3170,7,8,0,0
3171,5,6,0,0
3172,0,0,0,0
3173,4,5,0,0
3174,8,9,0,0
3175,1,0,0,0
3176,5,6,0,0
3177,3,4,0,0
3178,2,3,0,0
3179,3,4,0,0
3180,1,0,0,0
3181,5,6,0,0
3182,1,0,0,0
3183,3,4,0,0
3184,2,3,0,0
3185,10,11,0,0
3186,7,8,0,0
3187,3,4,0,0
3188,8,9,0,0
3189,0,0,0,0
3190,1,0,0,0
3191,12,13,0,0
3192,2,3,0,0
3193,0,0,0,0
3194,2,3,0,0
3195,11,12,0,0
3196,0,0,0,0
3197,7,8,0,0
3198,2,3,0,0
3199,14,15,0,0
3200,0,0,0,0
3201,4,5,0,0
3202,2,3,0,0
3203,7,8,0,0
3204,4,5,0,0
3205,0,0,0,0
3206,5,6,0,0
3207,2,3,0,0
3208,5,6,0,0
3209,4,5,0,0
3210,1,0,0,0
3211,5,6,0,0
3212,0,0,0,0
3213,12,13,0,0
3214,0,0,0,0
3215,12,13,0,0
3216,0,0,0,0
3217,4,5,0,0
3218,16,17,0,0
3219,1,0,0,0
3220,4,5,0,0
3221,3,4,0,0
3222,1,0,0,0
3223,1,0,0,0
3224,0,0,0,0
3225,3,4,0,0
3226,11,12,0,0
3227,5,6,0,0
3228,3,4,0,0
3229,4,5,0,0
3230,0,0,0,0
3231,0,0,0,0
3232,12,13,0,0
3233,1,0,0,0
3234,0,0,0,0
3235,10,11,0,0
3236,11,12,0,0
3237,1,0,0,0
3238,3,4,0,0
3239,6,7,0,0
3240,8,9,0,0
3241,11,12,0,0
3242,2,3,0,0
3243,5,6,0,0
3244,14,15,0,0
3245,0,0,0,0
3246,0,0,0,0
3247,0,0,0,0
3248,0,0,0,0
3249,7,8,0,0
3250,12,13,0,0
3251,0,0,0,0
3252,12,13,0,0
3253,5,6,0,0
3254,3,4,0,0
3255,3,4,0,0
3256,6,7,0,0
3257,0,0,0,0
3258,0,0,0,0
3259,10,11,0,0
3260,0,0,0,0
3261,0,0,0,0
3262,10,11,0,0
3263,0,0,0,0
3264,2,3,0,0
3265,1,0,0,0
3266,8,9,0,0
3267,5,6,0,0
3268,9,10,0,0
3269,1,0,0,0
3270,7,8,0,0
3271,4,5,0,0
3272,3,4,0,0
3273,2,3,0,0
3274,0,0,0,0
3275,3,4,0,0
3276,3,4,0,0
3277,2,3,0,0
3278,2,3,0,0
3279,2,3,0,0
3280,7,8,0,0
3281,6,7,0,0
3282,1,0,0,0
3283,0,0,0,0
3284,5,6,0,0
3285,5,6,0,0
3286,0,0,0,0
3287,3,4,0,0
3288,5,6,0,0
3289,1,0,0,0
3290,0,0,0,0
3291,7,8,0,0
3292,3,4,0,0
3293,12,13,0,0
3294,0,0,0,0
3295,4,5,0,0
3296,1,0,0,0
3297,3,4,0,0
3298,7,8,0,0
3299,1,0,0,0
3300,4,5,0,0
3301,0,0,0,0
3302,0,0,0,0
3303,7,8,0,0
3304,1,0,0,0
3305,6,7,0,0
3306,3,4,0,0
3307,8,9,0,0
3308,4,5,0,0
3309,3,4,0,0
3310,1,0,0,0
3311,2,3,0,0
3312,0,0,0,0
3313,0,0,0,0
3314,8,9,0,0
3315,1,0,0,0
3316,0,0,0,0
3317,6,7,0,0
3318,0,0,0,0
3319,0,0,0,0
3320,5,6,0,0
3321,1,0,0,0
3322,6,7,0,0
3323,11,12,0,0
3324,7,8,0,0
3325,10,11,0,0
3326,3,4,0,0
3327,2,3,0,0
3328,2,3,0,0
3329,0,0,0,0
3330,1,0,0,0
3331,2,3,0,0
3332,1,0,0,0
3333,0,0,0,0
3334,2,3,0,0
3335,0,0,0,0
3336,9,10,0,0
3337,0,0,0,0
3338,0,0,0,0
3339,3,4,0,0
3340,1,0,0,0
3341,0,0,0,0
3342,11,12,0,0
3343,1,0,0,0
3344,0,0,0,0
3345,2,3,0,0
3346,2,3,0,0
3347,2,3,0,0
3348,2,3,0,0
3349,0,0,0,0
3350,0,0,0,0
3351,7,8,0,0
3352,0,0,0,0
3353,1,0,0,0
3354,0,0,0,0
3355,9,10,0,0
3356,6,7,0,0
3357,9,10,0,0
3358,0,0,0,0
3359,11,12,0,0
3360,15,16,0,0
3361,3,4,0,0
3362,3,4,0,0
3363,0,0,0,0
3364,5,6,0,0
3365,3,4,0,0
3366,12,13,0,0
3367,0,0,0,0
3368,0,0,0,0
3369,9,10,0,0
3370,0,0,0,0
3371,2,3,0,0
3372,9,10,0,0
3373,13,14,0,0
3374,0,0,0,0
3375,0,0,0,0
3376,11,12,0,0
3377,1,0,0,0
3378,5,6,0,0
3379,1,0,0,0
3380,14,15,0,0
3381,5,6,0,0
3382,0,0,0,0
3383,15,16,0,0
3384,5,6,0,0
3385,5,6,0,0
3386,0,0,0,0
3387,6,7,0,0
3388,11,12,0,0
3389,0,0,0,0
3390,1,0,0,0
3391,1,0,0,0
3392,2,3,0,0
3393,2,3,0,0
3394,6,7,0,0
3395,0,0,0,0
3396,9,10,0,0
3397,4,5,0,0
3398,0,0,0,0
3399,5,6,0,0
3400,5,6,0,0
3401,9,10,0,0
3402,13,14,0,0
3403,6,7,0,0
3404,1,0,0,0
3405,6,7,0,0
3406,5,6,0,0
3407,5,6,0,0
3408,13,14,0,0
3409,2,3,0,0
3410,8,9,0,0
3411,14,15,0,0
3412,6,7,0,0
3413,0,0,0,0
3414,4,5,0,0
3415,7,8,0,0
3416,6,7,0,0
3417,10,11,0,0
3418,13,14,0,0
3419,7,8,0,0
3420,0,0,0,0
3421,0,0,0,0
3422,0,0,0,0
3423,2,3,0,0
3424,3,4,0,0
3425,9,10,0,0
3426,2,3,0,0
3427,0,0,0,0
3428,13,14,0,0
3429,4,5,0,0
3430,1,0,0,0
3431,1,0,0,0
3432,1,0,0,0
3433,8,9,0,0
3434,1,0,0,0
3435,3,4,0,0
3436,8,9,0,0
3437,8,9,0,0
3438,6,7,0,0
3439,10,11,0,0
3440,0,0,0,0
3441,5,6,0,0
3442,7,8,0,0
3443,7,8,0,0
3444,9,10,0,0
3445,3,4,0,0
3446,1,0,0,0
3447,9,10,0,0
3448,2,3,0,0
3449,0,0,0,0
3450,10,11,0,0
3451,3,4,0,0
3452,6,7,0,0
3453,7,8,0,0
3454,6,7,0,0
3455,0,0,0,0
3456,4,5,0,0
3457,0,0,0,0
3458,0,0,0,0
3459,8,9,0,0
3460,1,0,0,0
3461,6,7,0,0
3462,0,0,0,0
3463,0,0,0,0
3464,0,0,0,0
3465,6,7,0,0
3466,1,0,0,0
3467,0,0,0,0
3468,6,7,0,0
3469,9,10,0,0
3470,3,4,0,0
3471,0,0,0,0
3472,7,8,0,0
3473,3,4,0,0
3474,3,4,0,0
3475,0,0,0,0
3476,9,10,0,0
3477,5,6,0,0
3478,10,11,0,0
3479,5,6,0,0
3480,2,3,0,0
3481,11,12,0,0
3482,0,0,0,0
3483,7,8,0,0
3484,0,0,0,0
3485,9,10,0,0
3486,4,5,0,0
3487,12,13,0,0
3488,1,0,0,0
3489,5,6,0,0
3490,1,0,0,0
3491,5,6,0,0
3492,5,6,0,0
3493,1,0,0,0
3494,0,0,0,0
3495,5,6,0,0
3496,16,17,0,0
3497,3,4,0,0
3498,1,0,0,0
3499,15,16,0,0
3500,8,9,0,0
3501,0,0,0,0
3502,1,0,0,0
3503,2,3,0,0
3504,0,0,0,0
3505,6,7,0,0
3506,0,0,0,0
3507,8,9,0,0
3508,9,10,0,0
3509,3,4,0,0
3510,2,3,0,0
3511,3,4,0,0
3512,0,0,0,0
3513,16,17,0,0
3514,5,6,0,0
3515,4,5,0,0
3516,6,7,0,0
3517,2,3,0,0
3518,1,0,0,0
3519,1,0,0,0
3520,1,0,0,0
3521,3,4,0,0
3522,2,3,0,0
3523,3,4,0,0
3524,5,6,0,0
3525,1,0,0,0
3526,0,0,0,0
3527,1,0,0,0
3528,10,11,0,0
3529,7,8,0,0
3530,7,8,0,0
3531,2,3,0,0
3532,9,10,0,0
3533,7,8,0,0
3534,11,12,0,0
3535,5,6,0,0
3536,2,3,0,0
3537,8,9,0,0
3538,11,12,0,0
3539,10,11,0,0
3540,13,14,0,0
3541,3,4,0,0
3542,4,5,0,0
3543,0,0,0,0
3544,8,9,0,0
3545,0,0,0,0
3546,2,3,0,0
3547,5,6,0,0
3548,7,8,0,0
3549,6,7,0,0
3550,3,4,0,0
3551,6,7,0,0
3552,9,10,0,0
3553,8,9,0,0
3554,1,0,0,0
3555,4,5,0,0
3556,7,8,0,0
3557,2,3,0,0
3558,7,8,0,0
3559,0,0,0,0
3560,13,14,0,0
3561,5,6,0,0
3562,7,8,0,0
3563,0,0,0,0
3564,9,10,0,0
3565,0,0,0,0
3566,6,7,0,0
3567,4,5,0,0
3568,0,0,0,0
3569,9,10,0,0
3570,9,10,0,0
3571,4,5,0,0
3572,5,6,0,0
3573,0,0,0,0
3574,5,6,0,0
3575,3,4,0,0
3576,10,11,0,0
3577,6,7,0,0
3578,1,0,0,0
3579,12,13,0,0
3580,0,0,0,0
3581,4,5,0,0
3582,13,14,0,0
3583,3,4,0,0
3584,3,4,0,0
3585,7,8,0,0
3586,0,0,0,0
3587,0,0,0,0
3588,0,0,0,0
3589,7,8,0,0
3590,3,4,0,0
3591,2,3,0,0
3592,0,0,0,0
3593,14,15,0,0
3594,0,0,0,0
3595,7,8,0,0
3596,3,4,0,0
3597,9,10,0,0
3598,0,0,0,0
3599,6,7,0,0
3600,5,6,0,0
3601,6,7,0,0
3602,5,6,0,0
3603,4,5,0,0
3604,8,9,0,0
3605,6,7,0,0
3606,2,3,0,0
3607,8,9,0,0
3608,5,6,0,0
3609,8,9,0,0
3610,11,12,0,0
3611,9,10,0,0
3612,14,15,0,0
3613,6,7,0,0
3614,7,8,0,0
3615,1,0,0,0
3616,3,4,0,0
3617,2,3,0,0
3618,0,0,0,0
3619,5,6,0,0
3620,5,6,0,0
3621,0,0,0,0
3622,9,10,0,0
3623,6,7,0,0
3624,2,3,0,0
3625,9,10,0,0
3626,3,4,0,0
3627,10,11,0,0
3628,6,7,0,0
3629,10,11,0,0
3630,7,8,0,0
3631,2,3,0,0
3632,4,5,0,0
3633,10,11,0,0
3634,4,5,0,0
3635,2,3,0,0
3636,12,13,0,0
3637,0,0,0,0
3638,0,0,0,0
3639,0,0,0,0
3640,2,3,0,0
3641,2,3,0,0
3642,0,0,0,0
3643,13,14,0,0
3644,0,0,0,0
3645,6,7,0,0
3646,2,3,0,0
3647,2,3,0,0
3648,1,0,0,0
3649,2,3,0,0
3650,3,4,0,0
3651,12,13,0,0
3652,6,7,0,0
3653,5,6,0,0
3654,1,0,0,0
3655,5,6,0,0
3656,14,15,0,0
3657,3,4,0,0
3658,3,4,0,0
3659,4,5,0,0
3660,5,6,0,0
3661,3,4,0,0
3662,0,0,0,0
3663,7,8,0,0
3664,5,6,0,0
3665,7,8,0,0
3666,2,3,0,0
3667,5,6,0,0
3668,1,0,0,0
3669,9,10,0,0
3670,1,0,0,0
3671,10,11,0,0
3672,1,0,0,0
3673,0,0,0,0
3674,9,10,0,0
3675,9,10,0,0
3676,7,8,0,0
3677,6,7,0,0
3678,7,8,0,0
3679,0,0,0,0
3680,0,0,0,0
3681,10,11,0,0
3682,6,7,0,0
3683,4,5,0,0
3684,10,11,0,0
3685,7,8,0,0
3686,1,0,0,0
3687,1,0,0,0
3688,3,4,0,0
3689,6,7,0,0
3690,4,5,0,0
3691,4,5,0,0
3692,9,10,0,0
3693,0,0,0,0
3694,4,5,0,0
3695,0,0,0,0
3696,25,25,0,0
3697,2,3,0,0
3698,2,3,0,0
3699,10,11,0,0
3700,4,5,0,0
3701,5,6,0,0
3702,1,0,0,0
3703,6,7,0,0
3704,0,0,0,0
3705,1,0,0,0
3706,12,13,0,0
3707,11,12,0,0
3708,9,10,0,0
3709,1,0,0,0
3710,6,7,0,0
3711,8,9,0,0
3712,1,0,0,0
3713,4,5,0,0
3714,8,9,0,0
3715,3,4,0,0
3716,6,7,0,0
3717,5,6,0,0
3718,0,0,0,0
3719,6,7,0,0
3720,3,4,0,0
3721,5,6,0,0
3722,14,15,0,0
3723,4,5,0,0
3724,10,11,0,0
3725,1,0,0,0
3726,4,5,0,0
3727,5,6,0,0
3728,3,4,0,0
3729,9,10,0,0
3730,2,3,0,0
3731,0,0,0,0
3732,0,0,0,0
3733,8,9,0,0
3734,0,0,0,0
3735,3,4,0,0
3736,1,0,0,0
3737,6,7,0,0
3738,6,7,0,0
3739,3,4,0,0
3740,4,5,0,0
3741,13,14,0,0
3742,0,0,0,0
3743,12,13,0,0
3744,0,0,0,0
3745,11,12,0,0
3746,1,0,0,0
3747,14,15,0,0
3748,7,8,0,0
3749,0,0,0,0
3750,0,0,0,0
3751,5,6,0,0
3752,2,3,0,0
3753,3,4,0,0
3754,5,6,0,0
3755,2,3,0,0
3756,2,3,0,0
3757,2,3,0,0
3758,12,13,0,0
3759,11,12,0,0
3760,6,7,0,0
3761,0,0,0,0
3762,6,7,0,0
3763,5,6,0,0
3764,10,11,0,0
3765,6,7,0,0
3766,3,4,0,0
3767,4,5,0,0
3768,0,0,0,0
3769,11,12,0,0
3770,5,6,0,0
3771,0,0,0,0
3772,5,6,0,0
3773,7,8,0,0
3774,3,4,0,0
3775,4,5,0,0
3776,11,12,0,0
3777,1,0,0,0
3778,3,4,0,0
3779,5,6,0,0
3780,0,0,0,0
3781,6,7,0,0
3782,11,12,0,0
3783,10,11,0,0
3784,0,0,0,0
3785,15,16,0,0
3786,9,10,0,0
3787,0,0,0,0
3788,7,8,0,0
3789,9,10,0,0
3790,1,0,0,0
3791,6,7,0,0
3792,5,6,0,0
3793,10,11,0,0
3794,0,0,0,0
3795,10,11,0,0
3796,0,0,0,0
3797,0,0,0,0
3798,6,7,0,0
3799,9,10,0,0
3800,4,5,0,0
3801,0,0,0,0
3802,0,0,0,0
3803,7,8,0,0
3804,0,0,0,0
3805,3,4,0,0
3806,10,11,0,0
3807,9,10,0,0
3808,0,0,0,0
3809,6,7,0,0
3810,6,7,0,0
3811,0,0,0,0
3812,11,12,0,0
3813,6,7,0,0
3814,6,7,0,0
3815,5,6,0,0
3816,3,4,0,0
3817,9,10,0,0
3818,8,9,0,0
3819,0,0,0,0
3820,1,0,0,0
3821,0,0,0,0
3822,10,11,0,0
3823,6,7,0,0
3824,1,0,0,0
3825,1,0,0,0
3826,9,10,0,0
3827,5,6,0,0
3828,4,5,0,0
3829,5,6,0,0
3830,5,6,0,0
3831,0,0,0,0
3832,3,4,0,0
3833,3,4,0,0
3834,5,6,0,0
3835,8,9,0,0
3836,0,0,0,0
3837,3,4,0,0
3838,3,4,0,0
3839,1,0,0,0
3840,10,11,0,0
3841,0,0,0,0
3842,5,6,0,0
3843,11,12,0,0
3844,2,3,0,0
3845,12,13,0,0
3846,3,4,0,0
3847,0,0,0,0
3848,4,5,0,0
3849,4,5,0,0
3850,3,4,0,0
3851,6,7,0,0
3852,1,0,0,0
3853,0,0,0,0
3854,12,13,0,0
3855,9,10,0,0
3856,12,13,0,0
3857,2,3,0,0
3858,8,9,0,0
3859,0,0,0,0
3860,1,0,0,0
3861,6,7,0,0
3862,4,5,0,0
3863,9,10,0,0
3864,2,3,0,0
3865,10,11,0,0
3866,0,0,0,0
3867,9,10,0,0
3868,0,0,0,0
3869,4,5,0,0
3870,12,13,0,0
3871,10,11,0,0
3872,8,9,0,0
3873,11,12,0,0
3874,2,3,0,0
3875,4,5,0,0
3876,5,6,0,0
3877,4,5,0,0
3878,11,12,0,0
3879,3,4,0,0
3880,3,4,0,0
3881,0,0,0,0
3882,7,8,0,0
3883,2,3,0,0
3884,0,0,0,0
3885,7,8,0,0
3886,11,12,0,0
3887,6,7,0,0
3888,3,4,0,0
3889,6,7,0,0
3890,0,0,0,0
3891,10,11,0,0
3892,3,4,0,0
3893,11,12,0,0
3894,6,7,0,0
3895,5,6,0,0
3896,6,7,0,0
3897,4,5,0,0
3898,1,0,0,0
3899,1,0,0,0
3900,0,0,0,0
3901,2,3,0,0
3902,13,14,0,0
3903,0,0,0,0
3904,0,0,0,0
3905,7,8,0,0
3906,2,3,0,0
3907,10,11,0,0
3908,1,0,0,0
3909,1,0,0,0
3910,6,7,0,0
3911,4,5,0,0
3912,10,11,0,0
3913,2,3,0,0
3914,0,0,0,0
3915,0,0,0,0
3916,0,0,0,0
3917,3,4,0,0
3918,4,5,0,0
3919,9,10,0,0
3920,3,4,0,0
3921,7,8,0,0
3922,6,7,0,0
3923,2,3,0,0
3924,0,0,0,0
3925,6,7,0,0
3926,0,0,0,0
3927,0,0,0,0
3928,10,11,0,0
3929,9,10,0,0
3930,3,4,0,0
3931,6,7,0,0
3932,0,0,0,0
3933,1,0,0,0
3934,9,10,0,0
3935,1,0,0,0
3936,7,8,0,0
3937,6,7,0,0
3938,5,6,0,0
3939,5,6,0,0
3940,0,0,0,0
3941,7,8,0,0
3942,0,0,0,0
3943,8,9,0,0
3944,1,0,0,0
3945,2,3,0,0
3946,0,0,0,0
3947,0,0,0,0
3948,4,5,0,0
3949,1,0,0,0
3950,5,6,0,0
3951,4,5,0,0
3952,9,10,0,0
3953,3,4,0,0
3954,0,0,0,0
3955,0,0,0,0
3956,15,16,0,0
3957,5,6,0,0
3958,4,5,0,0
3959,11,12,0,0
3960,0,0,0,0
3961,16,17,0,0
3962,3,4,0,0
3963,0,0,0,0
3964,6,7,0,0
3965,1,0,0,0
3966,0,0,0,0
3967,7,8,0,0
3968,0,0,0,0
3969,4,5,0,0
3970,1,0,0,0
3971,8,9,0,0
3972,11,12,0,0
3973,10,11,0,0
3974,4,5,0,0
3975,9,10,0,0
3976,6,7,0,0
3977,10,11,0,0
3978,6,7,0,0
3979,3,4,0,0
3980,8,9,0,0
3981,2,3,0,0
3982,0,0,0,0
3983,0,0,0,0
3984,2,3,0,0
3985,3,4,0,0
3986,3,4,0,0
3987,1,0,0,0
3988,1,0,0,0
3989,7,8,0,0
3990,1,0,0,0
3991,11,12,0,0
3992,4,5,0,0
3993,2,3,0,0
3994,0,0,0,0
3995,5,6,0,0
3996,4,5,0,0
3997,10,11,0,0
3998,9,10,0,0
3999,9,10,0,0
4000,1,0,0,0
4001,3,4,0,0
4002,1,0,0,0
4003,2,3,0,0
4004,8,9,0,0
4005,0,0,0,0
4006,1,0,0,0
4007,4,5,0,0
4008,11,12,0,0
4009,1,0,0,0
4010,1,0,0,0
4011,3,4,0,0
4012,7,8,0,0
4013,11,12,0,0
4014,0,0,0,0
4015,9,10,0,0
4016,3,4,0,0
4017,7,8,0,0
4018,1,0,0,0
4019,7,8,0,0
4020,8,9,0,0
4021,5,6,0,0
4022,0,0,0,0
4023,3,4,0,0
4024,5,6,0,0
4025,9,10,0,0
4026,2,3,0,0
4027,0,0,0,0
4028,4,5,0,0
4029,8,9,0,0
4030,13,14,0,0
4031,5,6,0,0
4032,0,0,0,0
4033,1,0,0,0
4034,1,0,0,0
4035,8,9,0,0
4036,6,7,0,0
4037,17,18,0,0
4038,9,10,0,0
4039,5,6,0,0
4040,2,3,0,0
4041,2,3,0,0
4042,2,3,0,0
4043,4,5,0,0
4044,5,6,0,0
4045,8,9,0,0
4046,4,5,0,0
4047,7,8,0,0
4048,4,5,0,0
4049,1,0,0,0
4050,15,16,0,0
4051,1,0,0,0
4052,0,0,0,0
4053,1,0,0,0
4054,1,0,0,0
4055,5,6,0,0
4056,1,0,0,0
4057,0,0,0,0
4058,7,8,0,0
4059,0,0,0,0
4060,0,0,0,0
4061,1,0,0,0
4062,10,11,0,0
4063,11,12,0,0
4064,1,0,0,0
4065,11,12,0,0
4066,9,10,0,0
4067,9,10,0,0
4068,0,0,0,0
4069,14,15,0,0
4070,9,10,0,0
4071,0,0,0,0
4072,11,12,0,0
4073,2,3,0,0
4074,9,10,0,0
4075,3,4,0,0
4076,1,0,0,0
4077,2,3,0,0
4078,11,12,0,0
4079,5,6,0,0
4080,13,14,0,0
4081,0,0,0,0
4082,3,4,0,0
4083,0,0,0,0
4084,3,4,0,0
4085,4,5,0,0
4086,17,18,0,0
4087,10,11,0,0
4088,7,8,0,0
4089,0,0,0,0
4090,12,13,0,0
4091,5,6,0,0
4092,13,14,0,0
4093,0,0,0,0
4094,1,0,0,0
4095,7,8,0,0
4096,12,13,0,0
4097,10,11,0,0
4098,6,7,0,0
4099,3,4,0,0
4100,0,0,0,0
4101,6,7,0,0
4102,0,0,0,0
4103,3,4,0,0
4104,1,0,0,0
4105,0,0,0,0
4106,14,15,0,0
4107,2,3,0,0
4108,5,6,0,0
4109,14,15,0,0
4110,13,14,0,0
4111,0,0,0,0
4112,1,0,0,0
4113,1,0,0,0
4114,0,0,0,0
4115,2,3,0,0
4116,7,8,0,0
4117,0,0,0,0
4118,0,0,0,0
4119,16,17,0,0
4120,3,4,0,0
4121,0,0,0,0
4122,2,3,0,0
4123,4,5,0,0
4124,6,7,0,0
4125,4,5,0,0
4126,7,8,0,0
4127,4,5,0,0
4128,2,3,0,0
4129,12,13,0,0
4130,17,18,0,0
4131,3,4,0,0
4132,2,3,0,0
4133,6,7,0,0
4134,11,12,0,0
4135,10,11,0,0
4136,0,0,0,0
4137,6,7,0,0
4138,6,7,0,0
4139,1,0,0,0
4140,2,3,0,0
4141,8,9,0,0
4142,0,0,0,0
4143,1,0,0,0
4144,7,8,0,0
4145,7,8,0,0
4146,1,0,0,0
4147,10,11,0,0
4148,0,0,0,0
4149,3,4,0,0
4150,1,0,0,0
4151,0,0,0,0
4152,10,11,0,0
4153,5,6,0,0
4154,0,0,0,0
4155,10,11,0,0
4156,1,0,0,0
4157,4,5,0,0
4158,5,6,0,0
4159,1,0,0,0
4160,0,0,0,0
4161,2,3,0,0
4162,12,13,0,0
4163,13,14,0,0
4164,1,0,0,0
4165,1,0,0,0
4166,1,0,0,0
4167,1,0,0,0
4168,9,10,0,0
4169,6,7,0,0
4170,1,0,0,0
4171,0,0,0,0
4172,1,0,0,0
4173,1,0,0,0
4174,4,5,0,0
4175,6,7,0,0
4176,13,14,0,0
4177,6,7,0,0
4178,5,6,0,0
4179,19,20,0,0
4180,5,6,0,0
4181,11,12,0,0
4182,1,0,0,0
4183,1,0,0,0
4184,0,0,0,0
4185,5,6,0,0
4186,9,10,0,0
4187,6,7,0,0
4188,1,0,0,0
4189,6,7,0,0
4190,2,3,0,0
4191,0,0,0,0
4192,6,7,0,0
4193,0,0,0,0
4194,11,12,0,0
4195,0,0,0,0
4196,10,11,0,0
4197,3,4,0,0
4198,12,13,0,0
4199,6,7,0,0
4200,5,6,0,0
4201,7,8,0,0
4202,6,7,0,0
4203,9,10,0,0
4204,2,3,0,0
4205,6,7,0,0
4206,5,6,0,0
4207,5,6,0,0
4208,4,5,0,0
4209,6,7,0,0
4210,1,0,0,0
4211,1,0,0,0
4212,22,22,0,0
4213,1,0,0,0
4214,14,15,0,0
4215,1,0,0,0
4216,1,0,0,0
4217,0,0,0,0
4218,13,14,0,0
4219,12,13,0,0
4220,0,0,0,0
4221,5,6,0,0
4222,4,5,0,0
4223,3,4,0,0
4224,9,10,0,0
4225,8,9,0,0
4226,6,7,0,0
4227,8,9,0,0
4228,0,0,0,0
4229,0,0,0,0
4230,9,10,0,0
4231,1,0,0,0
4232,3,4,0,0
4233,10,11,0,0
4234,8,9,0,0
4235,2,3,0,0
4236,3,4,0,0
4237,9,10,0,0
4238,0,0,0,0
4239,1,0,0,0
4240,2,3,0,0
4241,0,0,0,0
4242,1,0,0,0
4243,2,3,0,0
4244,9,10,0,0
4245,1,0,0,0
4246,7,8,0,0
4247,13,14,0,0
4248,0,0,0,0
4249,9,10,0,0
4250,11,12,0,0
4251,1,0,0,0
4252,13,14,0,0
4253,1,0,0,0
4254,3,4,0,0
4255,0,0,0,0
4256,0,0,0,0
4257,0,0,0,0
4258,2,3,0,0
4259,10,11,0,0
4260,7,8,0,0
4261,6,7,0,0
4262,6,7,0,0
4263,0,0,0,0
4264,8,9,0,0
4265,1,0,0,0
4266,0,0,0,0
4267,0,0,0,0
4268,15,16,0,0
4269,13,14,0,0
4270,0,0,0,0
4271,4,5,0,0
4272,0,0,0,0
4273,0,0,0,0
4274,13,14,0,0
4275,8,9,0,0
4276,0,0,0,0
4277,0,0,0,0
4278,2,3,0,0
4279,1,0,0,0
4280,7,8,0,0
4281,7,8,0,0
4282,9,10,0,0
4283,2,3,0,0
4284,1,0,0,0
4285,0,0,0,0
4286,1,0,0,0
4287,11,12,0,0
4288,7,8,0,0
4289,6,7,0,0
4290,0,0,0,0
4291,2,3,0,0
4292,6,7,0,0
4293,2,3,0,0
4294,6,7,0,0
4295,14,15,0,0
4296,10,11,0,0
4297,2,3,0,0
4298,2,3,0,0
4299,9,10,0,0
4300,9,10,0,0
4301,8,9,0,0
4302,1,0,0,0
4303,1,0,0,0
4304,6,7,0,0
4305,3,4,0,0
4306,6,7,0,0
4307,7,8,0,0
4308,5,6,0,0
4309,9,10,0,0
4310,0,0,0,0
4311,6,7,0,0
4312,2,3,0,0
4313,7,8,0,0
4314,0,0,0,0
4315,4,5,0,0
4316,8,9,0,0
4317,0,0,0,0
4318,2,3,0,0
4319,2,3,0,0
4320,10,11,0,0
4321,9,10,0,0
4322,3,4,0,0
4323,3,4,0,0
4324,3,4,0,0
4325,3,4,0,0
4326,6,7,0,0
4327,7,8,0,0
4328,14,15,0,0
4329,6,7,0,0
4330,5,6,0,0
4331,3,4,0,0
4332,10,11,0,0
4333,15,16,0,0
4334,3,4,0,0
4335,0,0,0,0
4336,10,11,0,0
4337,7,8,0,0
4338,0,0,0,0
4339,13,14,0,0
4340,10,11,0,0
4341,6,7,0,0
4342,2,3,0,0
4343,0,0,0,0
4344,1,0,0,0
4345,10,11,0,0
4346,0,0,0,0
4347,9,10,0,0
4348,6,7,0,0
4349,5,6,0,0
4350,2,3,0,0
4351,0,0,0,0
4352,5,6,0,0
4353,0,0,0,0
4354,0,0,0,0
4355,2,3,0,0
4356,7,8,0,0
4357,3,4,0,0
4358,9,10,0,0
4359,16,17,0,0
4360,1,0,0,0
4361,1,0,0,0
4362,5,6,0,0
4363,1,0,0,0
4364,2,3,0,0
4365,8,9,0,0
4366,6,7,0,0
4367,7,8,0,0
4368,0,0,0,0
4369,1,0,0,0
4370,5,6,0,0
4371,3,4,0,0
4372,17,18,0,0
4373,5,6,0,0
4374,14,15,0,0
4375,9,10,0,0
4376,7,8,0,0
4377,11,12,0,0
4378,6,7,0,0
4379,0,0,0,0
4380,5,6,0,0
4381,2,3,0,0
4382,4,5,0,0
4383,1,0,0,0
4384,15,16,0,0
4385,6,7,0,0
4386,12,13,0,0
4387,14,15,0,0
4388,0,0,0,0
4389,1,0,0,0
4390,3,4,0,0
4391,10,11,0,0
4392,2,3,0,0
4393,3,4,0,0
4394,7,8,0,0
4395,6,7,0,0
4396,6,7,0,0
4397,2,3,0,0
4398,7,8,0,0
4399,2,3,0,0
4400,3,4,0,0
4401,0,0,0,0
4402,7,8,0,0
4403,11,12,0,0
4404,9,10,0,0
4405,4,5,0,0
4406,2,3,0,0
4407,8,9,0,0
4408,12,13,0,0
4409,6,7,0,0
4410,9,10,0,0
4411,6,7,0,0
4412,4,5,0,0
4413,0,0,0,0
4414,3,4,0,0
4415,10,11,0,0
4416,9,10,0,0
4417,0,0,0,0
4418,2,3,0,0
4419,10,11,0,0
4420,0,0,0,0
4421,4,5,0,0
4422,0,0,0,0
4423,1,0,0,0
4424,8,9,0,0
4425,18,19,0,0
4426,5,6,0,0
4427,14,15,0,0
4428,5,6,0,0
4429,1,0,0,0
4430,5,6,0,0
4431,5,6,0,0
4432,10,11,0,0
4433,9,10,0,0
4434,3,4,0,0
4435,6,7,0,0
4436,0,0,0,0
4437,12,13,0,0
4438,3,4,0,0
4439,1,0,0,0
4440,0,0,0,0
4441,6,7,0,0
4442,1,0,0,0
4443,1,0,0,0
4444,0,0,0,0
4445,5,6,0,0
4446,1,0,0,0
4447,4,5,0,0
4448,8,9,0,0
4449,0,0,0,0
4450,9,10,0,0
4451,6,7,0,0
4452,2,3,0,0
4453,10,11,0,0
4454,12,13,0,0
4455,0,0,0,0
4456,17,18,0,0
4457,7,8,0,0
4458,4,5,0,0
4459,3,4,0,0
4460,12,13,0,0
4461,4,5,0,0
4462,13,14,0,0
4463,10,11,0,0
4464,6,7,0,0
4465,0,0,0,0
4466,7,8,0,0
4467,4,5,0,0
4468,0,0,0,0
4469,7,8,0,0
4470,5,6,0,0
4471,5,6,0,0
4472,0,0,0,0
4473,1,0,0,0
4474,0,0,0,0
4475,10,11,0,0
4476,6,7,0,0
4477,17,18,0,0
4478,0,0,0,0
4479,4,5,0,0
4480,1,0,0,0
4481,2,3,0,0
4482,2,3,0,0
4483,8,9,0,0
4484,10,11,0,0
4485,12,13,0,0
4486,5,6,0,0
4487,5,6,0,0
4488,1,0,0,0
4489,4,5,0,0
4490,5,6,0,0
4491,0,0,0,0
4492,6,7,0,0
4493,0,0,0,0
4494,5,6,0,0
4495,6,7,0,0
4496,3,4,0,0
4497,7,8,0,0
4498,2,3,0,0
4499,6,7,0,0
4500,1,0,0,0
4501,0,0,0,0
4502,2,3,0,0
4503,0,0,0,0
4504,9,10,0,0
4505,10,11,0,0
4506,11,12,0,0
4507,13,14,0,0
4508,2,3,0,0
4509,3,4,0,0
4510,2,3,0,0
4511,3,4,0,0
4512,0,0,0,0
4513,0,0,0,0
4514,2,3,0,0
4515,9,10,0,0
4516,9,10,0,0
4517,7,8,0,0
4518,6,7,0,0
4519,9,10,0,0
4520,11,12,0,0
4521,4,5,0,0
4522,8,9,0,0
4523,1,0,0,0
4524,0,0,0,0
4525,12,13,0,0
4526,5,6,0,0
4527,1,0,0,0
4528,2,3,0,0
4529,4,5,0,0
4530,10,11,0,0
4531,3,4,0,0
4532,0,0,0,0
4533,11,12,0,0
4534,1,0,0,0
4535,3,4,0,0
4536,11,12,0,0
4537,2,3,0,0
4538,6,7,0,0
4539,0,0,0,0
4540,1,0,0,0
4541,3,4,0,0
4542,2,3,0,0
4543,4,5,0,0
4544,6,7,0,0
4545,0,0,0,0
4546,5,6,0,0
4547,2,3,0,0
4548,0,0,0,0
4549,11,12,0,0
4550,4,5,0,0
4551,1,0,0,0
4552,9,10,0,0
4553,0,0,0,0
4554,0,0,0,0
4555,7,8,0,0
4556,11,12,0,0
4557,5,6,0,0
4558,0,0,0,0
4559,6,7,0,0
4560,0,0,0,0
4561,9,10,0,0
4562,14,15,0,0
4563,7,8,0,0
4564,5,6,0,0
4565,7,8,0,0
4566,11,12,0,0
4567,2,3,0,0
4568,1,0,0,0
4569,0,0,0,0
4570,10,11,0,0
4571,12,13,0,0
4572,7,8,0,0
4573,11,12,0,0
4574,6,7,0,0
4575,1,0,0,0
4576,1,0,0,0
4577,6,7,0,0
4578,3,4,0,0
4579,3,4,0,0
4580,1,0,0,0
4581,1,0,0,0
4582,16,17,0,0
4583,5,6,0,0
4584,7,8,0,0
4585,3,4,0,0
4586,9,10,0,0
4587,0,0,0,0
4588,12,13,0,0
4589,6,7,0,0
4590,10,11,0,0
4591,10,11,0,0
4592,0,0,0,0
4593,2,3,0,0
4594,9,10,0,0
4595,0,0,0,0
4596,10,11,0,0
4597,5,6,0,0
4598,1,0,0,0
4599,2,3,0,0
4600,7,8,0,0
4601,0,0,0,0
4602,1,0,0,0
4603,0,0,0,0
4604,4,5,0,0
4605,13,14,0,0
4606,2,3,0,0
4607,15,16,0,0
4608,4,5,0,0
4609,4,5,0,0
4610,4,5,0,0
4611,3,4,0,0
4612,5,6,0,0
4613,7,8,0,0
4614,6,7,0,0
4615,6,7,0,0
4616,7,8,0,0
4617,5,6,0,0
4618,0,0,0,0
4619,11,12,0,0
4620,5,6,0,0
4621,6,7,0,0
4622,2,3,0,0
4623,6,7,0,0
4624,0,0,0,0
4625,0,0,0,0
4626,2,3,0,0
4627,10,11,0,0
4628,0,0,0,0
4629,10,11,0,0
4630,10,11,0,0
4631,6,7,0,0
4632,2,3,0,0
4633,4,5,0,0
4634,5,6,0,0
4635,1,0,0,0
4636,0,0,0,0
4637,8,9,0,0
4638,3,4,0,0
4639,8,9,0,0
4640,0,0,0,0
4641,6,7,0,0
4642,3,4,0,0
4643,1,0,0,0
4644,12,13,0,0
4645,9,10,0,0
4646,13,14,0,0
4647,4,5,0,0
4648,4,5,0,0
4649,0,0,0,0
4650,4,5,0,0
4651,3,4,0,0
4652,9,10,0,0
4653,10,11,0,0
4654,0,0,0,0
4655,7,8,0,0
4656,3,4,0,0
4657,3,4,0,0
4658,0,0,0,0
4659,0,0,0,0
4660,10,11,0,0
4661,10,11,0,0
4662,2,3,0,0
4663,11,12,0,0
4664,8,9,0,0
4665,5,6,0,0
4666,7,8,0,0
4667,12,13,0,0
4668,12,13,0,0
4669,4,5,0,0
4670,7,8,0,0
4671,4,5,0,0
4672,0,0,0,0
4673,6,7,0,0
4674,1,0,0,0
4675,3,4,0,0
4676,6,7,0,0
4677,0,0,0,0
4678,3,4,0,0
4679,11,12,0,0
4680,5,6,0,0
4681,12,13,0,0
4682,2,3,0,0
4683,11,12,0,0
4684,6,7,0,0
4685,10,11,0,0
4686,1,0,0,0
4687,1,0,0,0
4688,0,0,0,0
4689,10,11,0,0
4690,2,3,0,0
4691,16,17,0,0
4692,9,10,0,0
4693,5,6,0,0
4694,0,0,0,0
4695,7,8,0,0
4696,4,5,0,0
4697,11,12,0,0
4698,0,0,0,0
4699,1,0,0,0
4700,4,5,0,0
4701,1,0,0,0
4702,11,12,0,0
4703,3,4,0,0
4704,3,4,0,0
4705,2,3,0,0
4706,4,5,0,0
4707,3,4,0,0
4708,5,6,0,0
4709,3,4,0,0
4710,3,4,0,0
4711,0,0,0,0
4712,11,12,0,0
4713,0,0,0,0
4714,4,5,0,0
4715,0,0,0,0
4716,4,5,0,0
4717,8,9,0,0
4718,5,6,0,0
4719,3,4,0,0
4720,5,6,0,0
4721,2,3,0,0
4722,1,0,0,0
4723,3,4,0,0
4724,7,8,0,0
4725,3,4,0,0
4726,18,19,0,0
4727,5,6,0,0
4728,13,14,0,0
4729,3,4,0,0
4730,5,6,0,0
4731,10,11,0,0
4732,3,4,0,0
4733,0,0,0,0
4734,1,0,0,0
4735,4,5,0,0
4736,0,0,0,0
4737,0,0,0,0
4738,1,0,0,0
4739,4,5,0,0
4740,0,0,0,0
4741,1,0,0,0
4742,9,10,0,0
4743,12,13,0,0
4744,2,3,0,0
4745,12,13,0,0
4746,0,0,0,0
4747,11,12,0,0
4748,7,8,0,0
4749,9,10,0,0
4750,4,5,0,0
4751,4,5,0,0
4752,7,8,0,0
4753,9,10,0,0
4754,0,0,0,0
4755,11,12,0,0
4756,1,0,0,0
4757,0,0,0,0
4758,2,3,0,0
4759,1,0,0,0
4760,1,0,0,0
4761,13,14,0,0
4762,5,6,0,0
4763,2,3,0,0
4764,5,6,0,0
4765,5,6,0,0
4766,5,6,0,0
4767,0,0,0,0
4768,9,10,0,0
4769,3,4,0,0
4770,0,0,0,0
4771,0,0,0,0
4772,3,4,0,0
4773,0,0,0,0
4774,6,7,0,0
4775,2,3,0,0
4776,0,0,0,0
4777,7,8,0,0
4778,10,11,0,0
4779,10,11,0,0
4780,2,3,0,0
4781,11,12,0,0
4782,0,0,0,0
4783,12,13,0,0
4784,4,5,0,0
4785,6,7,0,0
4786,0,0,0,0
4787,4,5,0,0
4788,0,0,0,0
4789,2,3,0,0
4790,12,13,0,0
4791,4,5,0,0
4792,3,4,0,0
4793,0,0,0,0
4794,5,6,0,0
4795,0,0,0,0
4796,2,3,0,0
4797,1,0,0,0
4798,11,12,0,0
4799,10,11,0,0
4800,0,0,0,0
4801,3,4,0,0
4802,1,0,0,0
4803,7,8,0,0
4804,6,7,0,0
4805,11,12,0,0
4806,4,5,0,0
4807,0,0,0,0
4808,12,13,0,0
4809,3,4,0,0
4810,3,4,0,0
4811,0,0,0,0
4812,3,4,0,0
4813,4,5,0,0
4814,5,6,0,0
4815,3,4,0,0
4816,8,9,0,0
4817,5,6,0,0
4818,5,6,0,0
4819,0,0,0,0
4820,3,4,0,0
4821,18,19,0,0
4822,8,9,0,0
4823,10,11,0,0
4824,1,0,0,0
4825,7,8,0,0
4826,1,0,0,0
4827,9,10,0,0
4828,0,0,0,0
4829,3,4,0,0
4830,5,6,0,0
4831,13,14,0,0
4832,1,0,0,0
4833,3,4,0,0
4834,1,0,0,0
4835,1,0,0,0
4836,1,0,0,0
4837,1,0,0,0
4838,4,5,0,0
4839,5,6,0,0
4840,6,7,0,0
4841,10,11,0,0
4842,8,9,0,0
4843,15,16,0,0
4844,12,13,0,0
4845,1,0,0,0
4846,11,12,0,0
4847,0,0,0,0
4848,5,6,0,0
4849,5,6,0,0
4850,1,0,0,0
4851,7,8,0,0
4852,0,0,0,0
4853,0,0,0,0
4854,4,5,0,0
4855,9,10,0,0
4856,0,0,0,0
4857,10,11,0,0
4858,1,0,0,0
4859,5,6,0,0
4860,12,13,0,0
4861,8,9,0,0
4862,9,10,0,0
4863,4,5,0,0
4864,3,4,0,0
4865,11,12,0,0
4866,2,3,0,0
4867,9,10,0,0
4868,1,0,0,0
4869,6,7,0,0
4870,7,8,0,0
4871,4,5,0,0
4872,3,4,0,0
4873,6,7,0,0
4874,0,0,0,0
4875,5,6,0,0
4876,5,6,0,0
4877,5,6,0,0
4878,7,8,0,0
4879,0,0,0,0
4880,5,6,0,0
4881,1,0,0,0
4882,4,5,0,0
4883,7,8,0,0
4884,6,7,0,0
4885,3,4,0,0
4886,4,5,0,0
4887,5,6,0,0
4888,9,10,0,0
4889,0,0,0,0
4890,0,0,0,0
4891,13,14,0,0
4892,0,0,0,0
4893,10,11,0,0
4894,4,5,0,0
4895,6,7,0,0
4896,3,4,0,0
4897,12,13,0,0
4898,0,0,0,0
4899,10,11,0,0
4900,6,7,0,0
4901,3,4,0,0
4902,10,11,0,0
4903,4,5,0,0
4904,0,0,0,0
4905,0,0,0,0
4906,0,0,0,0
4907,9,10,0,0
4908,3,4,0,0
4909,0,0,0,0
4910,4,5,0,0
4911,2,3,0,0
4912,1,0,0,0
4913,1,0,0,0
4914,6,7,0,0
4915,10,11,0,0
4916,1,0,0,0
4917,6,7,0,0
4918,9,10,0,0
4919,5,6,0,0
4920,3,4,0,0
4921,0,0,0,0
4922,14,15,0,0
4923,3,4,0,0
4924,2,3,0,0
4925,3,4,0,0
4926,4,5,0,0
4927,13,14,0,0
4928,10,11,0,0
4929,5,6,0,0
4930,0,0,0,0
4931,1,0,0,0
4932,4,5,0,0
4933,3,4,0,0
4934,4,5,0,0
4935,2,3,0,0
4936,6,7,0,0
4937,8,9,0,0
4938,9,10,0,0
4939,1,0,0,0
4940,1,0,0,0
4941,4,5,0,0
4942,4,5,0,0
4943,0,0,0,0
4944,1,0,0,0
4945,9,10,0,0
4946,0,0,0,0
4947,2,3,0,0
4948,1,0,0,0
4949,2,3,0,0
4950,0,0,0,0
4951,10,11,0,0
4952,0,0,0,0
4953,5,6,0,0
4954,1,0,0,0
4955,0,0,0,0
4956,0,0,0,0
4957,0,0,0,0
4958,7,8,0,0
4959,0,0,0,0
4960,1,0,0,0
4961,5,6,0,0
4962,1,0,0,0
4963,3,4,0,0
4964,3,4,0,0
4965,7,8,0,0
4966,2,3,0,0
4967,2,3,0,0
4968,5,6,0,0
4969,8,9,0,0
4970,0,0,0,0
4971,1,0,0,0
4972,1,0,0,0
4973,10,11,0,0
4974,0,0,0,0
4975,6,7,0,0
4976,0,0,0,0
4977,7,8,0,0
4978,0,0,0,0
4979,12,13,0,0
4980,5,6,0,0
4981,4,5,0,0
4982,9,10,0,0
4983,5,6,0,0
4984,5,6,0,0
4985,6,7,0,0
4986,1,0,0,0
4987,12,13,0,0
4988,8,9,0,0
4989,1,0,0,0
4990,5,6,0,0
4991,10,11,0,0
4992,2,3,0,0
4993,6,7,0,0
4994,8,9,0,0
4995,3,4,0,0
4996,3,4,0,0
4997,1,0,0,0
4998,5,6,0,0
4999,11,12,0,0
5000,0,0,0,0
5001,1,0,0,0
5002,1,0,0,0
5003,0,0,0,0
5004,1,0,0,0
5005,4,5,0,0
5006,3,4,0,0
5007,11,12,0,0
5008,2,3,0,0
5009,2,3,0,0
5010,3,4,0,0
5011,1,0,0,0
5012,12,13,0,0
5013,4,5,0,0
5014,5,6,0,0
5015,11,12,0,0
5016,7,8,0,0
5017,0,0,0,0
5018,9,10,0,0
5019,10,11,0,0
5020,0,0,0,0
5021,6,7,0,0
5022,4,5,0,0
5023,3,4,0,0
5024,3,4,0,0
5025,10,11,0,0
5026,9,10,0,0
5027,1,0,0,0
5028,6,7,0,0
5029,13,14,0,0
5030,5,6,0,0
5031,1,0,0,0
5032,7,8,0,0
5033,5,6,0,0
5034,10,11,0,0
5035,7,8,0,0
5036,1,0,0,0
5037,0,0,0,0
5038,3,4,0,0
5039,0,0,0,0
5040,4,5,0,0
5041,0,0,0,0
5042,7,8,0,0
5043,1,0,0,0
5044,1,0,0,0
5045,2,3,0,0
5046,2,3,0,0
5047,6,7,0,0
5048,7,8,0,0
5049,4,5,0,0
5050,6,7,0,0
5051,5,6,0,0
5052,0,0,0,0
5053,5,6,0,0
5054,2,3,0,0
5055,7,8,0,0
5056,0,0,0,0
5057,5,6,0,0
5058,7,8,0,0
5059,13,14,0,0
5060,2,3,0,0
5061,10,11,0,0
5062,11,12,0,0
5063,8,9,0,0
5064,3,4,0,0
5065,4,5,0,0
5066,1,0,0,0
5067,10,11,0,0
5068,2,3,0,0
5069,2,3,0,0
5070,4,5,0,0
5071,1,0,0,0
5072,1,0,0,0
5073,3,4,0,0
5074,6,7,0,0
5075,4,5,0,0
5076,0,0,0,0
5077,0,0,0,0
5078,2,3,0,0
5079,1,0,0,0
5080,1,0,0,0
5081,0,0,0,0
5082,3,4,0,0
5083,3,4,0,0
5084,6,7,0,0
5085,0,0,0,0
5086,9,10,0,0
5087,6,7,0,0
5088,1,0,0,0
5089,2,3,0,0
5090,4,5,0,0
5091,7,8,0,0
5092,3,4,0,0
5093,2,3,0,0
5094,0,0,0,0
5095,6,7,0,0
5096,6,7,0,0
5097,4,5,0,0
5098,1,0,0,0
5099,5,6,0,0
5100,10,11,0,0
5101,3,4,0,0
5102,3,4,0,0
5103,6,7,0,0
5104,3,4,0,0
5105,1,0,0,0
5106,4,5,0,0
5107,5,6,0,0
5108,18,19,0,0
5109,0,0,0,0
5110,9,10,0,0
5111,1,0,0,0
5112,9,10,0,0
5113,1,0,0,0
5114,0,0,0,0
5115,6,7,0,0
5116,0,0,0,0
5117,5,6,0,0
5118,1,0,0,0
5119,11,12,0,0
5120,1,0,0,0
5121,3,4,0,0
5122,10,11,0,0
5123,2,3,0,0
5124,0,0,0,0
5125,10,11,0,0
5126,0,0,0,0
5127,0,0,0,0
5128,0,0,0,0
5129,2,3,0,0
5130,6,7,0,0
5131,6,7,0,0
5132,0,0,0,0
5133,0,0,0,0
5134,12,13,0,0
5135,0,0,0,0
5136,0,0,0,0
5137,4,5,0,0
5138,8,9,0,0
5139,10,11,0,0
5140,9,10,0,0
5141,0,0,0,0
5142,15,16,0,0
5143,6,7,0,0
5144,4,5,0,0
5145,1,0,0,0
5146,0,0,0,0
5147,0,0,0,0
5148,2,3,0,0
5149,3,4,0,0
5150,2,3,0,0
5151,0,0,0,0
5152,1,0,0,0
5153,7,8,0,0
5154,7,8,0,0
5155,1,0,0,0
5156,0,0,0,0
5157,1,0,0,0
5158,14,15,0,0
5159,9,10,0,0
5160,11,12,0,0
5161,15,16,0,0
5162,1,0,0,0
5163,0,0,0,0
5164,0,0,0,0
5165,4,5,0,0
5166,6,7,0,0
5167,4,5,0,0
5168,13,14,0,0
5169,4,5,0,0
5170,2,3,0,0
5171,9,10,0,0
5172,5,6,0,0
5173,1,0,0,0
5174,2,3,0,0
5175,0,0,0,0
5176,1,0,0,0
5177,4,5,0,0
5178,5,6,0,0
5179,2,3,0,0
5180,1,0,0,0
5181,6,7,0,0
5182,0,0,0,0
5183,0,0,0,0
5184,4,5,0,0
5185,4,5,0,0
5186,10,11,0,0
5187,9,10,0,0
5188,4,5,0,0
5189,3,4,0,0
5190,1,0,0,0
5191,0,0,0,0
5192,3,4,0,0
5193,1,0,0,0
5194,3,4,0,0
5195,6,7,0,0
5196,2,3,0,0
5197,6,7,0,0
5198,1,0,0,0
5199,0,0,0,0
5200,0,0,0,0
5201,0,0,0,0
5202,3,4,0,0
5203,0,0,0,0
5204,3,4,0,0
5205,11,12,0,0
5206,2,3,0,0
5207,2,3,0,0
5208,10,11,0,0
5209,3,4,0,0
5210,6,7,0,0
5211,4,5,0,0
5212,7,8,0,0
5213,1,0,0,0
5214,1,0,0,0
5215,2,3,0,0
5216,5,6,0,0
5217,2,3,0,0
5218,0,0,0,0
5219,5,6,0,0
5220,8,9,0,0
5221,3,4,0,0
5222,0,0,0,0
5223,0,0,0,0
5224,9,10,0,0
5225,7,8,0,0
5226,4,5,0,0
5227,14,15,0,0
5228,0,0,0,0
5229,9,10,0,0
5230,8,9,0,0
5231,6,7,0,0
5232,1,0,0,0
5233,1,0,0,0
5234,5,6,0,0
5235,6,7,0,0
5236,4,5,0,0
5237,2,3,0,0
5238,10,11,0,0
5239,3,4,0,0
5240,0,0,0,0
5241,0,0,0,0
5242,6,7,0,0
5243,7,8,0,0
5244,7,8,0,0
5245,3,4,0,0
5246,0,0,0,0
5247,3,4,0,0
5248,13,14,0,0
5249,7,8,0,0
5250,12,13,0,0
5251,9,10,0,0
5252,1,0,0,0
5253,0,0,0,0
5254,4,5,0,0
5255,4,5,0,0
5256,1,0,0,0
5257,1,0,0,0
5258,9,10,0,0
5259,0,0,0,0
5260,12,13,0,0
5261,11,12,0,0
5262,4,5,0,0
5263,3,4,0,0
5264,7,8,0,0
5265,1,0,0,0
5266,0,0,0,0
5267,8,9,0,0
5268,4,5,0,0
5269,4,5,0,0
5270,10,11,0,0
5271,8,9,0,0
5272,11,12,0,0
5273,2,3,0,0
5274,0,0,0,0
5275,8,9,0,0
5276,0,0,0,0
5277,10,11,0,0
5278,12,13,0,0
5279,5,6,0,0
5280,10,11,0,0
5281,2,3,0,0
5282,13,14,0,0
5283,0,0,0,0
5284,1,0,0,0
5285,1,0,0,0
5286,5,6,0,0
5287,5,6,0,0
5288,3,4,0,0
5289,11,12,0,0
5290,3,4,0,0
5291,6,7,0,0
5292,5,6,0,0
5293,5,6,0,0
5294,6,7,0,0
5295,6,7,0,0
5296,10,11,0,0
5297,3,4,0,0
5298,0,0,0,0
5299,9,10,0,0
5300,1,0,0,0
5301,3,4,0,0
5302,7,8,0,0
5303,1,0,0,0
5304,1,0,0,0
5305,5,6,0,0
5306,1,0,0,0
5307,2,3,0,0
5308,6,7,0,0
5309,9,10,0,0
5310,0,0,0,0
5311,0,0,0,0
5312,4,5,0,0
5313,1,0,0,0
5314,8,9,0,0
5315,0,0,0,0
5316,6,7,0,0
5317,1,0,0,0
5318,7,8,0,0
5319,1,0,0,0
5320,3,4,0,0
5321,0,0,0,0
5322,10,11,0,0
5323,8,9,0,0
5324,6,7,0,0
5325,6,7,0,0
5326,12,13,0,0
5327,5,6,0,0
5328,6,7,0,0
5329,3,4,0,0
5330,0,0,0,0
5331,11,12,0,0
5332,2,3,0,0
5333,0,0,0,0
5334,5,6,0,0
5335,3,4,0,0
5336,4,5,0,0
5337,7,8,0,0
5338,5,6,0,0
5339,3,4,0,0
5340,2,3,0,0
5341,9,10,0,0
5342,0,0,0,0
5343,7,8,0,0
5344,9,10,0,0
5345,0,0,0,0
5346,1,0,0,0
5347,12,13,0,0
5348,7,8,0,0
5349,0,0,0,0
5350,5,6,0,0
5351,3,4,0,0
5352,4,5,0,0
5353,0,0,0,0
5354,1,0,0,0
5355,3,4,0,0
5356,2,3,0,0
5357,13,14,0,0
5358,7,8,0,0
5359,3,4,0,0
5360,0,0,0,0
5361,3,4,0,0
5362,3,4,0,0
5363,2,3,0,0
5364,6,7,0,0
5365,13,14,0,0
5366,4,5,0,0
5367,2,3,0,0
5368,0,0,0,0
5369,0,0,0,0
5370,6,7,0,0
5371,3,4,0,0
5372,5,6,0,0
5373,0,0,0,0
5374,2,3,0,0
5375,6,7,0,0
5376,3,4,0,0
5377,7,8,0,0
5378,9,10,0,0
5379,5,6,0,0
5380,4,5,0,0
5381,4,5,0,0
5382,6,7,0,0
5383,5,6,0,0
5384,2,3,0,0
5385,3,4,0,0
5386,5,6,0,0
5387,0,0,0,0
5388,6,7,0,0
5389,8,9,0,0
5390,14,15,0,0
5391,4,5,0,0
5392,8,9,0,0
5393,0,0,0,0
5394,12,13,0,0
5395,7,8,0,0
5396,9,10,0,0
5397,7,8,0,0
5398,5,6,0,0
5399,2,3,0,0
5400,6,7,0,0
5401,2,3,0,0
5402,7,8,0,0
5403,3,4,0,0
5404,0,0,0,0
5405,12,13,0,0
5406,7,8,0,0
5407,2,3,0,0
5408,3,4,0,0
5409,6,7,0,0
5410,0,0,0,0
5411,11,12,0,0
5412,8,9,0,0
5413,1,0,0,0
5414,18,19,0,0
5415,10,11,0,0
5416,6,7,0,0
5417,1,0,0,0
5418,1,0,0,0
5419,7,8,0,0
5420,4,5,0,0
5421,7,8,0,0
5422,8,9,0,0
5423,9,10,0,0
5424,16,17,0,0
5425,6,7,0,0
5426,3,4,0,0
5427,5,6,0,0
5428,4,5,0,0
5429,10,11,0,0
5430,0,0,0,0
5431,0,0,0,0
5432,0,0,0,0
5433,3,4,0,0
5434,7,8,0,0
5435,13,14,0,0
5436,7,8,0,0
5437,4,5,0,0
5438,2,3,0,0
5439,7,8,0,0
5440,3,4,0,0
5441,6,7,0,0
5442,5,6,0,0
5443,6,7,0,0
5444,3,4,0,0
5445,1,0,0,0
5446,10,11,0,0
5447,4,5,0,0
5448,7,8,0,0
5449,4,5,0,0
5450,13,14,0,0
5451,6,7,0,0
5452,10,11,0,0
5453,2,3,0,0
5454,0,0,0,0
5455,1,0,0,0
5456,6,7,0,0
5457,1,0,0,0
5458,2,3,0,0
5459,1,0,0,0
5460,11,12,0,0
5461,5,6,0,0
5462,6,7,0,0
5463,11,12,0,0
5464,9,10,0,0
5465,10,11,0,0
5466,0,0,0,0
5467,9,10,0,0
5468,0,0,0,0
5469,11,12,0,0
5470,8,9,0,0
5471,4,5,0,0
5472,0,0,0,0
5473,7,8,0,0
5474,0,0,0,0
5475,0,0,0,0
5476,16,17,0,0
5477,7,8,0,0
5478,1,0,0,0
5479,10,11,0,0
5480,5,6,0,0
5481,0,0,0,0
5482,10,11,0,0
5483,2,3,0,0
5484,0,0,0,0
5485,0,0,0,0
5486,6,7,0,0
5487,11,12,0,0
5488,1,0,0,0
5489,6,7,0,0
5490,12,13,0,0
5491,0,0,0,0
5492,2,3,0,0
5493,7,8,0,0
5494,9,10,0,0
5495,5,6,0,0
5496,1,0,0,0
5497,3,4,0,0
5498,3,4,0,0
5499,7,8,0,0
5500,1,0,0,0
5501,9,10,0,0
5502,7,8,0,0
5503,1,0,0,0
5504,1,0,0,0
5505,0,0,0,0
5506,1,0,0,0
5507,1,0,0,0
5508,8,9,0,0
5509,6,7,0,0
5510,11,12,0,0
5511,0,0,0,0
5512,2,3,0,0
5513,6,7,0,0
5514,3,4,0,0
5515,3,4,0,0
5516,0,0,0,0
5517,0,0,0,0
5518,2,3,0,0
5519,15,16,0,0
5520,9,10,0,0
5521,7,8,0,0
5522,5,6,0,0
5523,11,12,0,0
5524,7,8,0,0
5525,3,4,0,0
5526,5,6,0,0
5527,3,4,0,0
5528,6,7,0,0
5529,5,6,0,0
5530,2,3,0,0
5531,12,13,0,0
5532,1,0,0,0
5533,5,6,0,0
5534,3,4,0,0
5535,5,6,0,0
5536,0,0,0,0
5537,0,0,0,0
5538,6,7,0,0
5539,11,12,0,0
5540,1,0,0,0
5541,1,0,0,0
5542,11,12,0,0
5543,4,5,0,0
5544,1,0,0,0
5545,9,10,0,0
5546,0,0,0,0
5547,2,3,0,0
5548,16,17,0,0
5549,6,7,0,0
5550,4,5,0,0
5551,0,0,0,0
5552,5,6,0,0
5553,5,6,0,0
5554,7,8,0,0
5555,0,0,0,0
5556,9,10,0,0
5557,3,4,0,0
5558,0,0,0,0
5559,4,5,0,0
5560,1,0,0,0
5561,5,6,0,0
5562,1,0,0,0
5563,3,4,0,0
5564,6,7,0,0
5565,0,0,0,0
5566,3,4,0,0
5567,5,6,0,0
5568,0,0,0,0
5569,4,5,0,0
5570,1,0,0,0
5571,7,8,0,0
5572,3,4,0,0
5573,3,4,0,0
5574,6,7,0,0
5575,2,3,0,0
5576,1,0,0,0
5577,0,0,0,0
5578,1,0,0,0
5579,11,12,0,0
5580,5,6,0,0
5581,6,7,0,0
5582,3,4,0,0
5583,9,10,0,0
5584,6,7,0,0
5585,10,11,0,0
5586,0,0,0,0
5587,5,6,0,0
5588,8,9,0,0
5589,1,0,0,0
5590,1,0,0,0
5591,5,6,0,0
5592,6,7,0,0
5593,2,3,0,0
5594,8,9,0,0
5595,5,6,0,0
5596,6,7,0,0
5597,0,0,0,0
5598,7,8,0,0
5599,2,3,0,0
5600,15,16,0,0
5601,5,6,0,0
5602,9,10,0,0
5603,11,12,0,0
5604,6,7,0,0
5605,7,8,0,0
5606,13,14,0,0
5607,11,12,0,0
5608,3,4,0,0
5609,5,6,0,0
5610,15,16,0,0
5611,5,6,0,0
5612,1,0,0,0
5613,7,8,0,0
5614,9,10,0,0
5615,6,7,0,0
5616,1,0,0,0
5617,0,0,0,0
5618,10,11,0,0
5619,7,8,0,0
5620,6,7,0,0
5621,3,4,0,0
5622,4,5,0,0
5623,1,0,0,0
5624,12,13,0,0
5625,0,0,0,0
5626,4,5,0,0
5627,8,9,0,0
5628,1,0,0,0
5629,13,14,0,0
5630,9,10,0,0
5631,6,7,0,0
5632,7,8,0,0
5633,7,8,0,0
5634,4,5,0,0
5635,2,3,0,0
5636,6,7,0,0
5637,3,4,0,0
5638,3,4,0,0
5639,0,0,0,0
5640,6,7,0,0
5641,3,4,0,0
5642,8,9,0,0
5643,11,12,0,0
5644,1,0,0,0
5645,8,9,0,0
5646,0,0,0,0
5647,3,4,0,0
5648,7,8,0,0
5649,9,10,0,0
5650,3,4,0,0
5651,1,0,0,0
5652,0,0,0,0
5653,7,8,0,0
5654,4,5,0,0
5655,9,10,0,0
5656,3,4,0,0
5657,0,0,0,0
5658,2,3,0,0
5659,9,10,0,0
5660,4,5,0,0
5661,7,8,0,0
5662,5,6,0,0
5663,3,4,0,0
5664,3,4,0,0
5665,3,4,0,0
5666,7,8,0,0
5667,6,7,0,0
5668,11,12,0,0
5669,0,0,0,0
5670,10,11,0,0
5671,6,7,0,0
5672,3,4,0,0
5673,2,3,0,0
5674,0,0,0,0
5675,6,7,0,0
5676,8,9,0,0
5677,0,0,0,0
5678,0,0,0,0
5679,5,6,0,0
5680,0,0,0,0
5681,1,0,0,0
5682,1,0,0,0
5683,1,0,0,0
5684,8,9,0,0
5685,1,0,0,0
5686,1,0,0,0
5687,14,15,0,0
5688,7,8,0,0
5689,0,0,0,0
5690,8,9,0,0
5691,3,4,0,0
5692,2,3,0,0
5693,1,0,0,0
5694,2,3,0,0
5695,10,11,0,0
5696,0,0,0,0
5697,1,0,0,0
5698,0,0,0,0
5699,2,3,0,0
5700,7,8,0,0
5701,2,3,0,0
5702,9,10,0,0
5703,7,8,0,0
5704,0,0,0,0
5705,1,0,0,0
5706,16,17,0,0
5707,1,0,0,0
5708,4,5,0,0
5709,1,0,0,0
5710,3,4,0,0
5711,2,3,0,0
5712,2,3,0,0
5713,3,4,0,0
5714,8,9,0,0
5715,1,0,0,0
5716,0,0,0,0
5717,7,8,0,0
5718,6,7,0,0
5719,9,10,0,0
5720,4,5,0,0
5721,10,11,0,0
5722,6,7,0,0
5723,8,9,0,0
5724,0,0,0,0
5725,0,0,0,0
5726,0,0,0,0
5727,4,5,0,0
5728,0,0,0,0
5729,0,0,0,0
5730,8,9,0,0
5731,3,4,0,0
5732,0,0,0,0
5733,5,6,0,0
5734,7,8,0,0
5735,0,0,0,0
5736,11,12,0,0
5737,4,5,0,0
5738,0,0,0,0
5739,2,3,0,0
5740,13,14,0,0
5741,6,7,0,0
5742,1,0,0,0
5743,0,0,0,0
5744,1,0,0,0
5745,3,4,0,0
5746,0,0,0,0
5747,9,10,0,0
5748,7,8,0,0
5749,6,7,0,0
5750,4,5,0,0
5751,0,0,0,0
5752,6,7,0,0
5753,0,0,0,0
5754,0,0,0,0
5755,0,0,0,0
5756,2,3,0,0
5757,8,9,0,0
5758,5,6,0,0
5759,0,0,0,0
5760,1,0,0,0
5761,0,0,0,0
5762,4,5,0,0
5763,7,8,0,0
5764,9,10,0,0
5765,2,3,0,0
5766,14,15,0,0
5767,8,9,0,0
5768,0,0,0,0
5769,0,0,0,0
5770,2,3,0,0
5771,5,6,0,0
5772,9,10,0,0
5773,0,0,0,0
5774,5,6,0,0
5775,1,0,0,0
5776,1,0,0,0
5777,3,4,0,0
5778,0,0,0,0
5779,0,0,0,0
5780,7,8,0,0
5781,4,5,0,0
5782,6,7,0,0
5783,3,4,0,0
5784,6,7,0,0
5785,6,7,0,0
5786,5,6,0,0
5787,3,4,0,0
5788,6,7,0,0
5789,11,12,0,0
5790,9,10,0,0
5791,7,8,0,0
5792,0,0,0,0
5793,4,5,0,0
5794,1,0,0,0
5795,9,10,0,0
5796,3,4,0,0
5797,5,6,0,0
5798,6,7,0,0
5799,0,0,0,0
5800,9,10,0,0
5801,7,8,0,0
5802,10,11,0,0
5803,1,0,0,0
5804,9,10,0,0
5805,0,0,0,0
5806,4,5,0,0
5807,9,10,0,0
5808,3,4,0,0
5809,5,6,0,0
5810,5,6,0,0
5811,4,5,0,0
5812,0,0,0,0
5813,1,0,0,0
5814,0,0,0,0
5815,5,6,0,0
5816,4,5,0,0
5817,6,7,0,0
5818,13,14,0,0
5819,14,15,0,0
5820,5,6,0,0
5821,4,5,0,0
5822,7,8,0,0
5823,10,11,0,0
5824,13,14,0,0
5825,2,3,0,0
5826,8,9,0,0
5827,1,0,0,0
5828,15,16,0,0
5829,3,4,0,0
5830,2,3,0,0
5831,1,0,0,0
5832,6,7,0,0
5833,0,0,0,0
5834,3,4,0,0
5835,2,3,0,0
5836,7,8,0,0
5837,5,6,0,0
5838,1,0,0,0
5839,1,0,0,0
5840,2,3,0,0
5841,2,3,0,0
5842,0,0,0,0
5843,10,11,0,0
5844,0,0,0,0
5845,7,8,0,0
5846,5,6,0,0
5847,5,6,0,0
5848,4,5,0,0
5849,9,10,0,0
5850,0,0,0,0
5851,2,3,0,0
5852,2,3,0,0
5853,8,9,0,0
5854,6,7,0,0
5855,6,7,0,0
5856,1,0,0,0
5857,0,0,0,0
5858,3,4,0,0
5859,0,0,0,0
5860,6,7,0,0
5861,2,3,0,0
5862,1,0,0,0
5863,0,0,0,0
5864,6,7,0,0
5865,11,12,0,0
5866,1,0,0,0
5867,10,11,0,0
5868,1,0,0,0
5869,2,3,0,0
5870,0,0,0,0
5871,2,3,0,0
5872,5,6,0,0
5873,0,0,0,0
5874,1,0,0,0
5875,5,6,0,0
5876,3,4,0,0
5877,1,0,0,0
5878,1,0,0,0
5879,3,4,0,0
5880,6,7,0,0
5881,0,0,0,0
5882,11,12,0,0
5883,10,11,0,0
5884,0,0,0,0
5885,5,6,0,0
5886,6,7,0,0
5887,1,0,0,0
5888,4,5,0,0
5889,2,3,0,0
5890,8,9,0,0
5891,4,5,0,0
5892,4,5,0,0
5893,9,10,0,0
5894,1,0,0,0
5895,7,8,0,0
5896,0,0,0,0
5897,2,3,0,0
5898,5,6,0,0
5899,3,4,0,0
5900,6,7,0,0
5901,7,8,0,0
5902,0,0,0,0
5903,2,3,0,0
5904,4,5,0,0
5905,0,0,0,0
5906,3,4,0,0
5907,9,10,0,0
5908,10,11,0,0
5909,3,4,0,0
5910,1,0,0,0
5911,1,0,0,0
5912,1,0,0,0
5913,4,5,0,0
5914,5,6,0,0
5915,3,4,0,0
5916,0,0,0,0
5917,0,0,0,0
5918,2,3,0,0
5919,3,4,0,0
5920,10,11,0,0
5921,6,7,0,0
5922,3,4,0,0
5923,3,4,0,0
5924,9,10,0,0
5925,1,0,0,0
5926,4,5,0,0
5927,9,10,0,0
5928,1,0,0,0
5929,1,0,0,0
5930,5,6,0,0
5931,2,3,0,0
5932,3,4,0,0
5933,6,7,0,0
5934,12,13,0,0
5935,6,7,0,0
5936,11,12,0,0
5937,7,8,0,0
5938,7,8,0,0
5939,3,4,0,0
5940,16,17,0,0
5941,6,7,0,0
5942,9,10,0,0
5943,0,0,0,0
5944,0,0,0,0
5945,7,8,0,0
5946,1,0,0,0
5947,9,10,0,0
5948,7,8,0,0
5949,7,8,0,0
5950,11,12,0,0
5951,0,0,0,0
5952,5,6,0,0
5953,8,9,0,0
5954,1,0,0,0
5955,0,0,0,0
5956,5,6,0,0
5957,3,4,0,0
5958,0,0,0,0
5959,8,9,0,0
5960,10,11,0,0
5961,6,7,0,0
5962,2,3,0,0
5963,0,0,0,0
5964,7,8,0,0
5965,2,3,0,0
5966,6,7,0,0
5967,6,7,0,0
5968,1,0,0,0
5969,0,0,0,0
5970,1,0,0,0
5971,5,6,0,0
5972,7,8,0,0
5973,4,5,0,0
5974,6,7,0,0
5975,3,4,0,0
5976,7,8,0,0
5977,0,0,0,0
5978,1,0,0,0
5979,11,12,0,0
5980,7,8,0,0
5981,5,6,0,0
5982,7,8,0,0
5983,1,0,0,0
5984,0,0,0,0
5985,3,4,0,0
5986,6,7,0,0
5987,0,0,0,0
5988,1,0,0,0
5989,8,9,0,0
5990,11,12,0,0
5991,5,6,0,0
5992,5,6,0,0
5993,3,4,0,0
5994,2,3,0,0
5995,8,9,0,0
5996,10,11,0,0
5997,0,0,0,0
5998,9,10,0,0
5999,0,0,0,0
6000,2,3,0,0
6001,1,0,0,0
6002,1,0,0,0
6003,5,6,0,0
6004,5,6,0,0
6005,10,11,0,0
6006,0,0,0,0
6007,6,7,0,0
6008,13,14,0,0
6009,11,12,0,0
6010,3,4,0,0
6011,1,0,0,0
6012,0,0,0,0
6013,2,3,0,0
6014,0,0,0,0
6015,3,4,0,0
6016,1,0,0,0
6017,7,8,0,0
6018,7,8,0,0
6019,9,10,0,0
6020,1,0,0,0
6021,1,0,0,0
6022,6,7,0,0
6023,9,10,0,0
6024,0,0,0,0
6025,4,5,0,0
6026,5,6,0,0
6027,5,6,0,0
6028,6,7,0,0
6029,8,9,0,0
6030,3,4,0,0
6031,3,4,0,0
6032,1,0,0,0
6033,7,8,0,0
6034,12,13,0,0
6035,6,7,0,0
6036,2,3,0,0
6037,4,5,0,0
6038,5,6,0,0
6039,3,4,0,0
6040,5,6,0,0
6041,10,11,0,0
6042,3,4,0,0
6043,3,4,0,0
6044,9,10,0,0
6045,6,7,0,0
6046,1,0,0,0
6047,6,7,0,0
6048,1,0,0,0
6049,5,6,0,0
6050,5,6,0,0
6051,7,8,0,0
6052,3,4,0,0
6053,11,12,0,0
6054,2,3,0,0
6055,9,10,0,0
6056,0,0,0,0
6057,1,0,0,0
6058,1,0,0,0
6059,8,9,0,0
6060,7,8,0,0
6061,7,8,0,0
6062,4,5,0,0
6063,0,0,0,0
6064,6,7,0,0
6065,2,3,0,0
6066,1,0,0,0
6067,4,5,0,0
6068,5,6,0,0
6069,6,7,0,0
6070,7,8,0,0
6071,5,6,0,0
6072,2,3,0,0
6073,0,0,0,0
6074,2,3,0,0
6075,5,6,0,0
6076,0,0,0,0
6077,0,0,0,0
6078,5,6,0,0
6079,2,3,0,0
6080,0,0,0,0
6081,4,5,0,0
6082,7,8,0,0
6083,4,5,0,0
6084,1,0,0,0
6085,5,6,0,0
6086,2,3,0,0
6087,3,4,0,0
6088,8,9,0,0
6089,8,9,0,0
6090,11,12,0,0
6091,4,5,0,0
6092,1,0,0,0
6093,4,5,0,0
6094,8,9,0,0
6095,0,0,0,0
6096,4,5,0,0
6097,2,3,0,0
6098,3,4,0,0
6099,0,0,0,0
6100,4,5,0,0
6101,5,6,0,0
6102,3,4,0,0
6103,3,4,0,0
6104,3,4,0,0
6105,8,9,0,0
6106,5,6,0,0
6107,1,0,0,0
6108,5,6,0,0
6109,6,7,0,0
6110,3,4,0,0
6111,10,11,0,0
6112,9,10,0,0
6113,9,10,0,0
6114,1,0,0,0
6115,2,3,0,0
6116,4,5,0,0
6117,3,4,0,0
6118,9,10,0,0
6119,13,14,0,0
6120,7,8,0,0
6121,8,9,0,0
6122,3,4,0,0
6123,1,0,0,0
6124,0,0,0,0
6125,2,3,0,0
6126,1,0,0,0
6127,8,9,0,0
6128,12,13,0,0
6129,11,12,0,0
6130,5,6,0,0
6131,5,6,0,0
6132,16,17,0,0
6133,0,0,0,0
6134,1,0,0,0
6135,0,0,0,0
6136,0,0,0,0
6137,8,9,0,0
6138,3,4,0,0
6139,3,4,0,0
6140,4,5,0,0
6141,5,6,0,0
6142,7,8,0,0
6143,3,4,0,0
6144,3,4,0,0
6145,7,8,0,0
6146,6,7,0,0
6147,6,7,0,0
6148,3,4,0,0
6149,5,6,0,0
6150,3,4,0,0
6151,1,0,0,0
6152,2,3,0,0
6153,9,10,0,0
6154,4,5,0,0
6155,2,3,0,0
6156,0,0,0,0
6157,0,0,0,0
6158,4,5,0,0
6159,0,0,0,0
6160,0,0,0,0
6161,5,6,0,0
6162,8,9,0,0
6163,0,0,0,0
6164,3,4,0,0
6165,6,7,0,0
6166,0,0,0,0
6167,1,0,0,0
6168,4,5,0,0
6169,4,5,0,0
6170,9,10,0,0
6171,3,4,0,0
6172,2,3,0,0
6173,9,10,0,0
6174,2,3,0,0
6175,5,6,0,0
6176,3,4,0,0
6177,7,8,0,0
6178,0,0,0,0
6179,11,12,0,0
6180,0,0,0,0
6181,0,0,0,0
6182,10,11,0,0
6183,8,9,0,0
6184,6,7,0,0
6185,13,14,0,0
6186,3,4,0,0
6187,9,10,0,0
6188,3,4,0,0
6189,4,5,0,0
6190,6,7,0,0
6191,5,6,0,0
6192,10,11,0,0
6193,6,7,0,0
6194,6,7,0,0
6195,7,8,0,0
6196,2,3,0,0
6197,3,4,0,0
6198,4,5,0,0
6199,3,4,0,0
6200,3,4,0,0
6201,9,10,0,0
6202,9,10,0,0
6203,2,3,0,0
6204,0,0,0,0
6205,3,4,0,0
6206,2,3,0,0
6207,5,6,0,0
6208,1,0,0,0
6209,1,0,0,0
6210,4,5,0,0
6211,0,0,0,0
6212,5,6,0,0
6213,6,7,0,0
6214,0,0,0,0
6215,1,0,0,0
6216,6,7,0,0
6217,1,0,0,0
6218,7,8,0,0
6219,3,4,0,0
6220,6,7,0,0
6221,1,0,0,0
6222,0,0,0,0
6223,10,11,0,0
6224,9,10,0,0
6225,5,6,0,0
6226,3,4,0,0
6227,2,3,0,0
6228,0,0,0,0
6229,0,0,0,0
6230,7,8,0,0
6231,6,7,0,0
6232,7,8,0,0
6233,7,8,0,0
6234,7,8,0,0
6235,2,3,0,0
6236,0,0,0,0
6237,7,8,0,0
6238,4,5,0,0
6239,5,6,0,0
6240,5,6,0,0
6241,0,0,0,0
6242,10,11,0,0
6243,0,0,0,0
6244,4,5,0,0
6245,2,3,0,0
6246,6,7,0,0
6247,2,3,0,0
6248,1,0,0,0
6249,10,11,0,0
6250,5,6,0,0
6251,0,0,0,0
6252,9,10,0,0
6253,6,7,0,0
6254,10,11,0,0
6255,2,3,0,0
6256,1,0,0,0
6257,2,3,0,0
6258,11,12,0,0
6259,4,5,0,0
6260,4,5,0,0
6261,0,0,0,0
6262,1,0,0,0
6263,10,11,0,0
6264,10,11,0,0
6265,4,5,0,0
6266,0,0,0,0
6267,2,3,0,0
6268,0,0,0,0
6269,2,3,0,0
6270,5,6,0,0
6271,5,6,0,0
6272,0,0,0,0
6273,7,8,0,0
6274,5,6,0,0
6275,0,0,0,0
6276,9,10,0,0
6277,0,0,0,0
6278,0,0,0,0
6279,7,8,0,0
6280,9,10,0,0
6281,14,15,0,0
6282,8,9,0,0
6283,0,0,0,0
6284,5,6,0,0
6285,1,0,0,0
6286,3,4,0,0
6287,7,8,0,0
6288,3,4,0,0
6289,3,4,0,0
6290,1,0,0,0
6291,4,5,0,0
6292,4,5,0,0
6293,0,0,0,0
6294,7,8,0,0
6295,11,12,0,0
6296,2,3,0,0
6297,6,7,0,0
6298,1,0,0,0
6299,3,4,0,0
6300,2,3,0,0
6301,6,7,0,0
6302,3,4,0,0
6303,9,10,0,0
6304,4,5,0,119814
119815,119812,119813,119814,119815
119816,119813,119814,119815,119816
119817,119814,119815,119816,119817
119818,119815,119816,119817,119818
119819,119816,119817,119818,119819
119820,119817,119818,119819,119820
119821,119818,119819,119820,119821
119822,119819,119820,119821,119822
119823,119820,119821,119822,119823
119824,119821,119822,119823,119824
119825,119822,119823,119824,119825
119826,119823,119824,119825,119826
119827,119824,119825,119826,119827
119828,119825,119826,119827,119828
119829,119826,119827,119828,119829
119830,119827,119828,119829,119830
119831,119828,119829,119830,119831
119832,119829,119830,119831,119832
119833,119830,119831,119832,119833
119834,119831,119832,119833,119834
119835,119832,119833,119834,119835
119836,119833,119834,119835,119836
119837,119834,119835,119836,119837
119838,119835,119836,119837,119838
119839,119836,119837,119838,119839
119840,119837,119838,119839,119840
119841,119838,119839,119840,119841
119842,119839,119840,119841,119842
119843,119840,119841,119842,119843
119844,119841,119842,119843,119844
119845,119842,119843,119844,119845
119846,119843,119844,119845,119846
119847,119844,119845,119846,119847
119848,119845,119846,119847,119848
119849,119846,119847,119848,119849
119850,119847,119848,119849,119850
119851,119848,119849,119850,119851
119852,119849,119850,119851,119852
119853,119850,119851,119852,119853
119854,119851,119852,119853,119854
119855,119852,119853,119854,119855
119856,119853,119854,119855,119856
119857,119854,119855,119856,119857
119858,119855,119856,119857,119858
119859,119856,119857,119858,119859
119860,119857,119858,119859,119860
119861,119858,119859,119860,119861
119862,119859,119860,119861,119862
119863,119860,119861,119862,119863
119864,119861,119862,119863,119864
119865,119862,119863,119864,119865
119866,119863,119864,119865,119866
119867,119864,119865,119866,119867
119868,119865,119866,119867,119868
119869,119866,119867,119868,119869
119870,119867,119868,119869,119870
119871,119868,119869,119870,119871
119872,119869,119870,119871,119872
119873,119870,119871,119872,119873
119874,119871,119872,119873,119874
119875,119872,119873,119874,119875
119876,119873,119874,119875,119876
119877,119874,119875,119876,119877
119878,119875,119876,119877,119878
119879,119876,119877,119878,119879
119880,119877,119878,119879,119880
119881,119878,119879,119880,119881
119882,119879,119880,119881,119882
119883,119880,119881,119882,119883
119884,119881,119882,119883,119884
119885,119882,119883,119884,119885
119886,119883,119884,119885,119886
119887,119884,119885,119886,119887
119888,119885,119886,119887,119888
119889,119886,119887,119888,119889
119890,119887,119888,119889,119890
119891,119888,119889,119890,119891
119892,119889,119890,119891,119892
119893,119890,119891,119892,119893
119894,119891,119892,119893,119894
119895,119892,119893,119894,119895
119896,119893,119894,119895,119896
119897,119894,119895,119896,119897
119898,119895,119896,119897,119898
119899,119896,119897,119898,119899
119900,119897,119898,119899,119900
119901,119898,119899,119900,119901
119902,119899,119900,119901,119902
119903,119900,119901,119902,119903
119904,119901,119902,119903,119904
119905,119902,119903,119904,119905
119906,119903,119904,119905,119906
119907,119904,119905,119906,119907
119908,119905,119906,119907,119908
119909,119906,119907,119908,119909
119910,119907,119908,119909,119910
119911,119908,119909,119910,119911
119912,119909,119910,119911,119912
119913,119910,119911,119912,119913
119914,119911,119912,119913,119914
119915,119912,119913,119914,119915
119916,119913,119914,119915,119916
119917,119914,119915,119916,119917
119918,119915,119916,119917,119918
119919,119916,119917,119918,119919
119920,119917,119918,119919,119920
119921,119918,119919,119920,119921
119922,119919,119920,119921,119922
119923,119920,119921,119922,119923
119924,119921,119922,119923,119924
119925,119922,119923,119924,119925
119926,119923,119924,119925,119926
119927,119924,119925,119926,119927
119928,119925,119926,119927,119928
119929,119926,119927,119928,119929
119930,119927,119928,119929,119930
119931,119928,119929,119930,119931
119932,119929,119930,119931,119932
119933,119930,119931,119932,119933
119934,119931,119932,119933,119934
119935,119932,119933,119934,119935
119936,119933,119934,119935,119936
119937,119934,119935,119936,119937
119938,119935,119936,119937,119938
119939,119936,119937,119938,119939
119940,119937,119938,119939,119940
119941,119938,119939,119940,119941
119942,119939,119940,119941,119942
119943,119940,119941,119942,119943
119944,119941,119942,119943,119944
119945,119942,119943,119944,119945
119946,119943,119944,119945,119946
119947,119944,119945,119946,119947
119948,119945,119946,119947,119948
119949,119946,119947,119948,119949
119950,119947,119948,119949,119950
119951,119948,119949,119950,119951
119952,119949,119950,119951,119952
119953,119950,119951,119952,119953
119954,119951,119952,119953,119954
119955,119952,119953,119954,119955
119956,119953,119954,119955,119956
119957,119954,119955,119956,119957
119958,119955,119956,119957,119958
119959,119956,119957,119958,119959
119960,119957,119958,119959,119960
119961,119958,119959,119960,119961
119962,119959,119960,119961,119962
119963,119960,119961,119962,119963
119964,119961,119962,119963,119964
119965,119962,119963,119964,119965
119966,119963,119964,119965,119966
119967,119964,119965,119966,119967
119968,119965,119966,119967,119968
119969,119966,119967,119968,119969
119970,119967,119968,119969,119970
119971,119968,119969,119970,119971
119972,119969,119970,119971,119972
119973,119970,119971,119972,119973
119974,119971,119972,119973,119974
119975,119972,119973,119974,119975
119976,119973,119974,119975,119976
119977,119974,119975,119976,119977
